rho,p2,q2,p4,q4,p8,q8,p16,q16
1,1,1,1,1,1,1,1,1
1.00208,1,1,1,1,1,1,1,1
1.00417,1,1,1,1,1,1,1,1
1.00625,1,1,1,1,1,1,1,1
1.00833,1,1,1,1,1,1,1,1
1.01042,1,1,1,1,1,1,1,1
1.0125,1,1,1,1,1,1,1,1
1.01458,1,1,1,1,1,1,1,1
1.01667,1,1,1,1,1,1,1,1
1.01875,1,1,1,1,1,1,1,1
1.02083,1,1,1,1,1,1,1,1
1.02292,1,1,1,1,1,1,1,1
1.025,1,1,1,1,1,1,1,1
1.02708,1,1,1,1,1,1,1,1
1.02917,1,1,1,1,1,1,1,1
1.03125,1,1,1,1,1,1,1,1
1.03333,1,1,1,1,1,1,1,1
1.03542,1,1,1,1,1,1,1,1
1.0375,1,1,1,1,1,1,1,1
1.03958,1,1,1,1,1,1,1,1
1.04167,1,1,1,1,1,1,1,1
1.04375,1,1,1,1,1,1,1,1
1.04583,1,1,1,1,1,1,1,1
1.04792,1,1,1,1,1,1,1,1
1.05,1,1,1,1,1,1,1,1
1.05208,1,1,1,1,1,1,1,1
1.05417,1,1,1,1,1,1,1,1
1.05625,1,1,1,1,1,1,1,1
1.05833,1,1,1,1,1,1,1,1
1.06042,1,1,1,1,1,1,1,1
1.0625,1,1,1,1,1,1,17,16
1.06458,1,1,1,1,1,1,1,1
1.06667,1,1,1,1,1,1,16,15
1.06875,1,1,1,1,1,1,1,1
1.07083,1,1,1,1,1,1,1,1
1.07292,1,1,1,1,1,1,1,1
1.075,1,1,1,1,1,1,1,1
1.07708,1,1,1,1,1,1,14,13
1.07917,1,1,1,1,1,1,1,1
1.08125,1,1,1,1,1,1,1,1
1.08333,1,1,1,1,1,1,13,12
1.08542,1,1,1,1,1,1,1,1
1.0875,1,1,1,1,1,1,1,1
1.08958,1,1,1,1,1,1,1,1
1.09167,1,1,1,1,1,1,1,1
1.09375,1,1,1,1,1,1,1,1
1.09583,1,1,1,1,1,1,1,1
1.09792,1,1,1,1,1,1,1,1
1.1,1,1,1,1,1,1,11,10
1.10208,1,1,1,1,1,1,1,1
1.10417,1,1,1,1,1,1,1,1
1.10625,1,1,1,1,1,1,1,1
1.10833,1,1,1,1,1,1,1,1
1.11042,1,1,1,1,1,1,10,9
1.1125,1,1,1,1,1,1,1,1
1.11458,1,1,1,1,1,1,1,1
1.11667,1,1,1,1,1,1,1,1
1.11875,1,1,1,1,1,1,1,1
1.12083,1,1,1,1,1,1,1,1
1.12292,1,1,1,1,1,1,1,1
1.125,1,1,1,1,9,8,9,8
1.12708,1,1,1,1,1,1,1,1
1.12917,1,1,1,1,1,1,1,1
1.13125,1,1,1,1,1,1,1,1
1.13333,1,1,1,1,1,1,17,15
1.13542,1,1,1,1,1,1,1,1
1.1375,1,1,1,1,1,1,1,1
1.13958,1,1,1,1,1,1,1,1
1.14167,1,1,1,1,8,7,8,7
1.14375,1,1,1,1,8,7,8,7
1.14583,1,1,1,1,8,7,8,7
1.14792,1,1,1,1,1,1,1,1
1.15,1,1,1,1,1,1,1,1
1.15208,1,1,1,1,1,1,1,1
1.15417,1,1,1,1,1,1,15,13
1.15625,1,1,1,1,1,1,1,1
1.15833,1,1,1,1,1,1,1,1
1.16042,1,1,1,1,1,1,1,1
1.1625,1,1,1,1,7,6,7,6
1.16458,1,1,1,1,7,6,7,6
1.16667,1,1,1,1,7,6,7,6
1.16875,1,1,1,1,7,6,7,6
1.17083,1,1,1,1,7,6,7,6
1.17292,1,1,1,1,1,1,1,1
1.175,1,1,1,1,1,1,1,1
1.17708,1,1,1,1,1,1,1,1
1.17917,1,1,1,1,1,1,1,1
1.18125,1,1,1,1,1,1,13,11
1.18333,1,1,1,1,1,1,1,1
1.18542,1,1,1,1,1,1,1,1
1.1875,1,1,1,1,1,1,19,16
1.18958,1,1,1,1,1,1,1,1
1.19167,1,1,1,1,1,1,1,1
1.19375,1,1,1,1,6,5,6,5
1.19583,1,1,1,1,6,5,6,5
1.19792,1,1,1,1,6,5,6,5
1.2,1,1,1,1,6,5,6,5
1.20208,1,1,1,1,6,5,6,5
1.20417,1,1,1,1,6,5,6,5
1.20625,1,1,1,1,6,5,6,5
1.20833,1,1,1,1,6,5,6,5
1.21042,1,1,1,1,1,1,1,1
1.2125,1,1,1,1,1,1,1,1
1.21458,1,1,1,1,1,1,17,14
1.21667,1,1,1,1,1,1,1,1
1.21875,1,1,1,1,1,1,1,1
1.22083,1,1,1,1,1,1,11,9
1.22292,1,1,1,1,1,1,11,9
1.225,1,1,1,1,1,1,1,1
1.22708,1,1,1,1,1,1,1,1
1.22917,1,1,1,1,1,1,1,1
1.23125,1,1,1,1,1,1,16,13
1.23333,1,1,1,1,1,1,1,1
1.23542,1,1,5,4,5,4,5,4
1.2375,1,1,5,4,5,4,5,4
1.23958,1,1,5,4,5,4,5,4
1.24167,1,1,5,4,5,4,5,4
1.24375,1,1,5,4,5,4,5,4
1.24583,1,1,5,4,5,4,5,4
1.24792,1,1,5,4,5,4,5,4
1.25,1,1,5,4,5,4,5,4
1.25208,1,1,5,4,5,4,5,4
1.25417,1,1,5,4,5,4,5,4
1.25625,1,1,5,4,5,4,5,4
1.25833,1,1,5,4,5,4,5,4
1.26042,1,1,5,4,5,4,5,4
1.2625,1,1,5,4,5,4,5,4
1.26458,1,1,5,4,5,4,5,4
1.26667,1,1,5,4,5,4,19,15
1.26875,1,1,1,1,1,1,1,1
1.27083,1,1,1,1,1,1,14,11
1.27292,1,1,1,1,1,1,14,11
1.275,1,1,1,1,1,1,14,11
1.27708,1,1,1,1,1,1,1,1
1.27917,1,1,1,1,1,1,1,1
1.28125,1,1,1,1,9,7,9,7
1.28333,1,1,1,1,9,7,9,7
1.28542,1,1,1,1,9,7,9,7
1.2875,1,1,1,1,9,7,9,7
1.28958,1,1,1,1,9,7,9,7
1.29167,1,1,1,1,1,1,1,1
1.29375,1,1,1,1,1,1,1,1
1.29583,1,1,1,1,1,1,1,1
1.29792,1,1,1,1,1,1,13,10
1.3,1,1,4,3,4,3,13,10
1.30208,1,1,4,3,4,3,13,10
1.30417,1,1,4,3,4,3,4,3
1.30625,1,1,4,3,4,3,4,3
1.30833,1,1,4,3,4,3,17,13
1.31042,1,1,4,3,4,3,4,3
1.3125,1,1,4,3,4,3,21,16
1.31458,1,1,4,3,4,3,4,3
1.31667,1,1,4,3,4,3,4,3
1.31875,1,1,4,3,4,3,4,3
1.32083,1,1,4,3,4,3,4,3
1.32292,1,1,4,3,4,3,4,3
1.325,1,1,4,3,4,3,4,3
1.32708,1,1,4,3,4,3,4,3
1.32917,1,1,4,3,4,3,4,3
1.33125,1,1,4,3,4,3,4,3
1.33333,1,1,4,3,4,3,4,3
1.33542,1,1,4,3,4,3,4,3
1.3375,1,1,4,3,4,3,4,3
1.33958,1,1,4,3,4,3,4,3
1.34167,1,1,4,3,4,3,4,3
1.34375,1,1,4,3,4,3,4,3
1.34583,1,1,4,3,4,3,4,3
1.34792,1,1,4,3,4,3,4,3
1.35,1,1,4,3,4,3,4,3
1.35208,1,1,4,3,4,3,4,3
1.35417,1,1,4,3,4,3,4,3
1.35625,1,1,4,3,4,3,19,14
1.35833,1,1,4,3,4,3,4,3
1.36042,1,1,4,3,4,3,4,3
1.3625,1,1,4,3,4,3,15,11
1.36458,1,1,4,3,4,3,15,11
1.36667,1,1,4,3,4,3,4,3
1.36875,1,1,4,3,4,3,4,3
1.37083,1,1,4,3,11,8,11,8
1.37292,1,1,4,3,11,8,11,8
1.375,1,1,1,1,11,8,11,8
1.37708,1,1,1,1,11,8,11,8
1.37917,1,1,1,1,11,8,11,8
1.38125,1,1,1,1,1,1,1,1
1.38333,1,1,1,1,1,1,18,13
1.38542,1,1,1,1,7,5,18,13
1.3875,1,1,1,1,7,5,7,5
1.38958,1,1,1,1,7,5,7,5
1.39167,1,1,1,1,7,5,7,5
1.39375,1,1,1,1,7,5,7,5
1.39583,1,1,1,1,7,5,7,5
1.39792,1,1,1,1,7,5,7,5
1.4,1,1,1,1,7,5,7,5
1.40208,3,2,3,2,7,5,7,5
1.40417,3,2,3,2,7,5,7,5
1.40625,3,2,3,2,7,5,7,5
1.40833,3,2,3,2,7,5,7,5
1.41042,3,2,3,2,7,5,7,5
1.4125,3,2,3,2,7,5,7,5
1.41458,3,2,3,2,3,2,17,12
1.41667,3,2,3,2,3,2,17,12
1.41875,3,2,3,2,3,2,17,12
1.42083,3,2,3,2,3,2,3,2
1.42292,3,2,3,2,10,7,10,7
1.425,3,2,3,2,10,7,10,7
1.42708,3,2,3,2,10,7,10,7
1.42917,3,2,3,2,10,7,10,7
1.43125,3,2,3,2,10,7,10,7
1.43333,3,2,3,2,10,7,10,7
1.43542,3,2,3,2,3,2,3,2
1.4375,3,2,3,2,3,2,23,16
1.43958,3,2,3,2,3,2,3,2
1.44167,3,2,3,2,3,2,13,9
1.44375,3,2,3,2,3,2,13,9
1.44583,3,2,3,2,3,2,13,9
1.44792,3,2,3,2,3,2,3,2
1.45,3,2,3,2,3,2,3,2
1.45208,3,2,3,2,3,2,3,2
1.45417,3,2,3,2,3,2,16,11
1.45625,3,2,3,2,3,2,3,2
1.45833,3,2,3,2,3,2,3,2
1.46042,3,2,3,2,3,2,3,2
1.4625,3,2,3,2,3,2,3,2
1.46458,3,2,3,2,3,2,3,2
1.46667,3,2,3,2,3,2,22,15
1.46875,3,2,3,2,3,2,3,2
1.47083,3,2,3,2,3,2,3,2
1.47292,3,2,3,2,3,2,3,2
1.475,3,2,3,2,3,2,3,2
1.47708,3,2,3,2,3,2,3,2
1.47917,3,2,3,2,3,2,3,2
1.48125,3,2,3,2,3,2,3,2
1.48333,3,2,3,2,3,2,3,2
1.48542,3,2,3,2,3,2,3,2
1.4875,3,2,3,2,3,2,3,2
1.48958,3,2,3,2,3,2,3,2
1.49167,3,2,3,2,3,2,3,2
1.49375,3,2,3,2,3,2,3,2
1.49583,3,2,3,2,3,2,3,2
1.49792,3,2,3,2,3,2,3,2
1.5,3,2,3,2,3,2,3,2
1.50208,3,2,3,2,3,2,3,2
1.50417,3,2,3,2,3,2,3,2
1.50625,3,2,3,2,3,2,3,2
1.50833,3,2,3,2,3,2,3,2
1.51042,3,2,3,2,3,2,3,2
1.5125,3,2,3,2,3,2,3,2
1.51458,3,2,3,2,3,2,3,2
1.51667,3,2,3,2,3,2,3,2
1.51875,3,2,3,2,3,2,3,2
1.52083,3,2,3,2,3,2,3,2
1.52292,3,2,3,2,3,2,3,2
1.525,3,2,3,2,3,2,3,2
1.52708,3,2,3,2,3,2,3,2
1.52917,3,2,3,2,3,2,3,2
1.53125,3,2,3,2,3,2,3,2
1.53333,3,2,3,2,3,2,23,15
1.53542,3,2,3,2,3,2,3,2
1.5375,3,2,3,2,3,2,3,2
1.53958,3,2,3,2,3,2,3,2
1.54167,3,2,3,2,3,2,3,2
1.54375,3,2,3,2,3,2,3,2
1.54583,3,2,3,2,3,2,17,11
1.54792,3,2,3,2,3,2,3,2
1.55,3,2,3,2,3,2,3,2
1.55208,3,2,3,2,3,2,3,2
1.55417,3,2,3,2,3,2,14,9
1.55625,3,2,3,2,3,2,14,9
1.55833,3,2,3,2,3,2,14,9
1.56042,3,2,3,2,3,2,3,2
1.5625,3,2,3,2,3,2,25,16
1.56458,3,2,3,2,3,2,3,2
1.56667,3,2,3,2,11,7,11,7
1.56875,3,2,3,2,11,7,11,7
1.57083,3,2,3,2,11,7,11,7
1.57292,3,2,3,2,11,7,11,7
1.575,3,2,3,2,11,7,11,7
1.57708,3,2,3,2,11,7,11,7
1.57917,3,2,3,2,3,2,3,2
1.58125,3,2,3,2,3,2,19,12
1.58333,3,2,3,2,3,2,19,12
1.58542,3,2,3,2,3,2,19,12
1.5875,3,2,3,2,8,5,8,5
1.58958,3,2,3,2,8,5,8,5
1.59167,3,2,3,2,8,5,8,5
1.59375,3,2,3,2,8,5,8,5
1.59583,3,2,3,2,8,5,8,5
1.59792,3,2,3,2,8,5,8,5
1.6,2,1,2,1,8,5,8,5
1.60208,2,1,2,1,8,5,8,5
1.60417,2,1,2,1,8,5,8,5
1.60625,2,1,2,1,8,5,8,5
1.60833,2,1,2,1,8,5,8,5
1.61042,2,1,2,1,8,5,8,5
1.6125,2,1,2,1,8,5,8,5
1.61458,2,1,2,1,8,5,21,13
1.61667,2,1,2,1,2,1,21,13
1.61875,2,1,2,1,2,1,2,1
1.62083,2,1,2,1,13,8,13,8
1.62292,2,1,2,1,13,8,13,8
1.625,2,1,2,1,13,8,13,8
1.62708,2,1,5,3,13,8,13,8
1.62917,2,1,5,3,13,8,13,8
1.63125,2,1,5,3,5,3,5,3
1.63333,2,1,5,3,5,3,5,3
1.63542,2,1,5,3,5,3,18,11
1.6375,2,1,5,3,5,3,18,11
1.63958,2,1,5,3,5,3,5,3
1.64167,2,1,5,3,5,3,5,3
1.64375,2,1,5,3,5,3,23,14
1.64583,2,1,5,3,5,3,5,3
1.64792,2,1,5,3,5,3,5,3
1.65,2,1,5,3,5,3,5,3
1.65208,2,1,5,3,5,3,5,3
1.65417,2,1,5,3,5,3,5,3
1.65625,2,1,5,3,5,3,5,3
1.65833,2,1,5,3,5,3,5,3
1.66042,2,1,5,3,5,3,5,3
1.6625,2,1,5,3,5,3,5,3
1.66458,2,1,5,3,5,3,5,3
1.66667,2,1,5,3,5,3,5,3
1.66875,2,1,5,3,5,3,5,3
1.67083,2,1,5,3,5,3,5,3
1.67292,2,1,5,3,5,3,5,3
1.675,2,1,5,3,5,3,5,3
1.67708,2,1,5,3,5,3,5,3
1.67917,2,1,5,3,5,3,5,3
1.68125,2,1,5,3,5,3,5,3
1.68333,2,1,5,3,5,3,5,3
1.68542,2,1,5,3,5,3,5,3
1.6875,2,1,5,3,5,3,27,16
1.68958,2,1,5,3,5,3,5,3
1.69167,2,1,5,3,5,3,22,13
1.69375,2,1,5,3,5,3,5,3
1.69583,2,1,5,3,5,3,5,3
1.69792,2,1,5,3,5,3,17,10
1.7,2,1,2,1,2,1,17,10
1.70208,2,1,2,1,2,1,17,10
1.70417,2,1,2,1,2,1,2,1
1.70625,2,1,2,1,2,1,2,1
1.70833,2,1,2,1,2,1,2,1
1.71042,2,1,2,1,12,7,12,7
1.7125,2,1,2,1,12,7,12,7
1.71458,2,1,2,1,12,7,12,7
1.71667,2,1,2,1,12,7,12,7
1.71875,2,1,2,1,12,7,12,7
1.72083,2,1,2,1,2,1,2,1
1.72292,2,1,2,1,2,1,2,1
1.725,2,1,2,1,2,1,19,11
1.72708,2,1,2,1,2,1,19,11
1.72917,2,1,2,1,2,1,19,11
1.73125,2,1,2,1,2,1,2,1
1.73333,2,1,7,4,7,4,26,15
1.73542,2,1,7,4,7,4,7,4
1.7375,2,1,7,4,7,4,7,4
1.73958,2,1,7,4,7,4,7,4
1.74167,2,1,7,4,7,4,7,4
1.74375,2,1,7,4,7,4,7,4
1.74583,2,1,7,4,7,4,7,4
1.74792,2,1,7,4,7,4,7,4
1.75,2,1,7,4,7,4,7,4
1.75208,2,1,7,4,7,4,7,4
1.75417,2,1,7,4,7,4,7,4
1.75625,2,1,7,4,7,4,7,4
1.75833,2,1,7,4,7,4,7,4
1.76042,2,1,7,4,7,4,7,4
1.7625,2,1,7,4,7,4,7,4
1.76458,2,1,7,4,7,4,7,4
1.76667,2,1,2,1,2,1,2,1
1.76875,2,1,2,1,2,1,23,13
1.77083,2,1,2,1,2,1,2,1
1.77292,2,1,2,1,2,1,2,1
1.775,2,1,2,1,2,1,2,1
1.77708,2,1,2,1,2,1,16,9
1.77917,2,1,2,1,2,1,16,9
1.78125,2,1,2,1,2,1,2,1
1.78333,2,1,2,1,2,1,2,1
1.78542,2,1,2,1,2,1,25,14
1.7875,2,1,2,1,2,1,2,1
1.78958,2,1,2,1,2,1,2,1
1.79167,2,1,2,1,2,1,2,1
1.79375,2,1,2,1,9,5,9,5
1.79583,2,1,2,1,9,5,9,5
1.79792,2,1,2,1,9,5,9,5
1.8,2,1,2,1,9,5,9,5
1.80208,2,1,2,1,9,5,9,5
1.80417,2,1,2,1,9,5,9,5
1.80625,2,1,2,1,9,5,9,5
1.80833,2,1,2,1,2,1,2,1
1.81042,2,1,2,1,2,1,2,1
1.8125,2,1,2,1,2,1,29,16
1.81458,2,1,2,1,2,1,2,1
1.81667,2,1,2,1,2,1,20,11
1.81875,2,1,2,1,2,1,20,11
1.82083,2,1,2,1,2,1,2,1
1.82292,2,1,2,1,2,1,2,1
1.825,2,1,2,1,2,1,2,1
1.82708,2,1,2,1,2,1,2,1
1.82917,2,1,2,1,11,6,11,6
1.83125,2,1,2,1,11,6,11,6
1.83333,2,1,2,1,11,6,11,6
1.83542,2,1,2,1,11,6,11,6
1.8375,2,1,2,1,11,6,11,6
1.83958,2,1,2,1,2,1,2,1
1.84167,2,1,2,1,2,1,2,1
1.84375,2,1,2,1,2,1,2,1
1.84583,2,1,2,1,2,1,24,13
1.84792,2,1,2,1,2,1,2,1
1.85,2,1,2,1,2,1,2,1
1.85208,2,1,2,1,2,1,2,1
1.85417,2,1,2,1,13,7,13,7
1.85625,2,1,2,1,13,7,13,7
1.85833,2,1,2,1,13,7,13,7
1.86042,2,1,2,1,2,1,2,1
1.8625,2,1,2,1,2,1,2,1
1.86458,2,1,2,1,2,1,2,1
1.86667,2,1,2,1,2,1,28,15
1.86875,2,1,2,1,2,1,2,1
1.87083,2,1,2,1,2,1,2,1
1.87292,2,1,2,1,2,1,2,1
1.875,2,1,2,1,15,8,15,8
1.87708,2,1,2,1,2,1,2,1
1.87917,2,1,2,1,2,1,2,1
1.88125,2,1,2,1,2,1,2,1
1.88333,2,1,2,1,2,1,2,1
1.88542,2,1,2,1,2,1,2,1
1.8875,2,1,2,1,2,1,17,9
1.88958,2,1,2,1,2,1,17,9
1.89167,2,1,2,1,2,1,2,1
1.89375,2,1,2,1,2,1,2,1
1.89583,2,1,2,1,2,1,2,1
1.89792,2,1,2,1,2,1,2,1
1.9,2,1,2,1,2,1,19,10
1.90208,2,1,2,1,2,1,2,1
1.90417,2,1,2,1,2,1,2,1
1.90625,2,1,2,1,2,1,2,1
1.90833,2,1,2,1,2,1,21,11
1.91042,2,1,2,1,2,1,2,1
1.9125,2,1,2,1,2,1,2,1
1.91458,2,1,2,1,2,1,2,1
1.91667,2,1,2,1,2,1,23,12
1.91875,2,1,2,1,2,1,2,1
1.92083,2,1,2,1,2,1,2,1
1.92292,2,1,2,1,2,1,25,13
1.925,2,1,2,1,2,1,2,1
1.92708,2,1,2,1,2,1,2,1
1.92917,2,1,2,1,2,1,2,1
1.93125,2,1,2,1,2,1,2,1
1.93333,2,1,2,1,2,1,29,15
1.93542,2,1,2,1,2,1,2,1
1.9375,2,1,2,1,2,1,31,16
1.93958,2,1,2,1,2,1,2,1
1.94167,2,1,2,1,2,1,2,1
1.94375,2,1,2,1,2,1,2,1
1.94583,2,1,2,1,2,1,2,1
1.94792,2,1,2,1,2,1,2,1
1.95,2,1,2,1,2,1,2,1
1.95208,2,1,2,1,2,1,2,1
1.95417,2,1,2,1,2,1,2,1
1.95625,2,1,2,1,2,1,2,1
1.95833,2,1,2,1,2,1,2,1
1.96042,2,1,2,1,2,1,2,1
1.9625,2,1,2,1,2,1,2,1
1.96458,2,1,2,1,2,1,2,1
1.96667,2,1,2,1,2,1,2,1
1.96875,2,1,2,1,2,1,2,1
1.97083,2,1,2,1,2,1,2,1
1.97292,2,1,2,1,2,1,2,1
1.975,2,1,2,1,2,1,2,1
1.97708,2,1,2,1,2,1,2,1
1.97917,2,1,2,1,2,1,2,1
1.98125,2,1,2,1,2,1,2,1
1.98333,2,1,2,1,2,1,2,1
1.98542,2,1,2,1,2,1,2,1
1.9875,2,1,2,1,2,1,2,1
1.98958,2,1,2,1,2,1,2,1
1.99167,2,1,2,1,2,1,2,1
1.99375,2,1,2,1,2,1,2,1
1.99583,2,1,2,1,2,1,2,1
1.99792,2,1,2,1,2,1,2,1
2,2,1,2,1,2,1,2,1
2.00208,2,1,2,1,2,1,2,1
2.00417,2,1,2,1,2,1,2,1
2.00625,2,1,2,1,2,1,2,1
2.00833,2,1,2,1,2,1,2,1
2.01042,2,1,2,1,2,1,2,1
2.0125,2,1,2,1,2,1,2,1
2.01458,2,1,2,1,2,1,2,1
2.01667,2,1,2,1,2,1,2,1
2.01875,2,1,2,1,2,1,2,1
2.02083,2,1,2,1,2,1,2,1
2.02292,2,1,2,1,2,1,2,1
2.025,2,1,2,1,2,1,2,1
2.02708,2,1,2,1,2,1,2,1
2.02917,2,1,2,1,2,1,2,1
2.03125,2,1,2,1,2,1,2,1
2.03333,2,1,2,1,2,1,2,1
2.03542,2,1,2,1,2,1,2,1
2.0375,2,1,2,1,2,1,2,1
2.03958,2,1,2,1,2,1,2,1
2.04167,2,1,2,1,2,1,2,1
2.04375,2,1,2,1,2,1,2,1
2.04583,2,1,2,1,2,1,2,1
2.04792,2,1,2,1,2,1,2,1
2.05,2,1,2,1,2,1,2,1
2.05208,2,1,2,1,2,1,2,1
2.05417,2,1,2,1,2,1,2,1
2.05625,2,1,2,1,2,1,2,1
2.05833,2,1,2,1,2,1,2,1
2.06042,2,1,2,1,2,1,2,1
2.0625,2,1,2,1,2,1,33,16
2.06458,2,1,2,1,2,1,2,1
2.06667,2,1,2,1,2,1,31,15
2.06875,2,1,2,1,2,1,2,1
2.07083,2,1,2,1,2,1,2,1
2.07292,2,1,2,1,2,1,2,1
2.075,2,1,2,1,2,1,2,1
2.07708,2,1,2,1,2,1,27,13
2.07917,2,1,2,1,2,1,2,1
2.08125,2,1,2,1,2,1,2,1
2.08333,2,1,2,1,2,1,25,12
2.08542,2,1,2,1,2,1,2,1
2.0875,2,1,2,1,2,1,2,1
2.08958,2,1,2,1,2,1,2,1
2.09167,2,1,2,1,2,1,23,11
2.09375,2,1,2,1,2,1,2,1
2.09583,2,1,2,1,2,1,2,1
2.09792,2,1,2,1,2,1,2,1
2.1,2,1,2,1,2,1,21,10
2.10208,2,1,2,1,2,1,2,1
2.10417,2,1,2,1,2,1,2,1
2.10625,2,1,2,1,2,1,2,1
2.10833,2,1,2,1,2,1,2,1
2.11042,2,1,2,1,2,1,19,9
2.1125,2,1,2,1,2,1,19,9
2.11458,2,1,2,1,2,1,2,1
2.11667,2,1,2,1,2,1,2,1
2.11875,2,1,2,1,2,1,2,1
2.12083,2,1,2,1,2,1,2,1
2.12292,2,1,2,1,2,1,2,1
2.125,2,1,2,1,17,8,17,8
2.12708,2,1,2,1,2,1,2,1
2.12917,2,1,2,1,2,1,2,1
2.13125,2,1,2,1,2,1,2,1
2.13333,2,1,2,1,2,1,32,15
2.13542,2,1,2,1,2,1,2,1
2.1375,2,1,2,1,2,1,2,1
2.13958,2,1,2,1,2,1,2,1
2.14167,2,1,2,1,15,7,15,7
2.14375,2,1,2,1,15,7,15,7
2.14583,2,1,2,1,15,7,15,7
2.14792,2,1,2,1,2,1,2,1
2.15,2,1,2,1,2,1,2,1
2.15208,2,1,2,1,2,1,2,1
2.15417,2,1,2,1,2,1,28,13
2.15625,2,1,2,1,2,1,2,1
2.15833,2,1,2,1,2,1,2,1
2.16042,2,1,2,1,2,1,2,1
2.1625,2,1,2,1,13,6,13,6
2.16458,2,1,2,1,13,6,13,6
2.16667,2,1,2,1,13,6,13,6
2.16875,2,1,2,1,13,6,13,6
2.17083,2,1,2,1,13,6,13,6
2.17292,2,1,2,1,2,1,2,1
2.175,2,1,2,1,2,1,2,1
2.17708,2,1,2,1,2,1,2,1
2.17917,2,1,2,1,2,1,2,1
2.18125,2,1,2,1,2,1,24,11
2.18333,2,1,2,1,2,1,2,1
2.18542,2,1,2,1,2,1,2,1
2.1875,2,1,2,1,2,1,35,16
2.18958,2,1,2,1,2,1,2,1
2.19167,2,1,2,1,2,1,2,1
2.19375,2,1,2,1,11,5,11,5
2.19583,2,1,2,1,11,5,11,5
2.19792,2,1,2,1,11,5,11,5
2.2,2,1,2,1,11,5,11,5
2.20208,2,1,2,1,11,5,11,5
2.20417,2,1,2,1,11,5,11,5
2.20625,2,1,2,1,11,5,11,5
2.20833,2,1,2,1,11,5,11,5
2.21042,2,1,2,1,2,1,2,1
2.2125,2,1,2,1,2,1,2,1
2.21458,2,1,2,1,2,1,31,14
2.21667,2,1,2,1,2,1,2,1
2.21875,2,1,2,1,2,1,2,1
2.22083,2,1,2,1,2,1,20,9
2.22292,2,1,2,1,2,1,20,9
2.225,2,1,2,1,2,1,2,1
2.22708,2,1,2,1,2,1,2,1
2.22917,2,1,2,1,2,1,2,1
2.23125,2,1,2,1,2,1,29,13
2.23333,2,1,2,1,2,1,2,1
2.23542,2,1,9,4,9,4,9,4
2.2375,2,1,9,4,9,4,9,4
2.23958,2,1,9,4,9,4,9,4
2.24167,2,1,9,4,9,4,9,4
2.24375,2,1,9,4,9,4,9,4
2.24583,2,1,9,4,9,4,9,4
2.24792,2,1,9,4,9,4,9,4
2.25,2,1,9,4,9,4,9,4
2.25208,2,1,9,4,9,4,9,4
2.25417,2,1,9,4,9,4,9,4
2.25625,2,1,9,4,9,4,9,4
2.25833,2,1,9,4,9,4,9,4
2.26042,2,1,9,4,9,4,9,4
2.2625,2,1,9,4,9,4,9,4
2.26458,2,1,9,4,9,4,9,4
2.26667,2,1,9,4,9,4,34,15
2.26875,2,1,2,1,2,1,2,1
2.27083,2,1,2,1,2,1,25,11
2.27292,2,1,2,1,2,1,25,11
2.275,2,1,2,1,2,1,25,11
2.27708,2,1,2,1,2,1,2,1
2.27917,2,1,2,1,2,1,2,1
2.28125,2,1,2,1,16,7,16,7
2.28333,2,1,2,1,16,7,16,7
2.28542,2,1,2,1,16,7,16,7
2.2875,2,1,2,1,16,7,16,7
2.28958,2,1,2,1,16,7,16,7
2.29167,2,1,2,1,2,1,2,1
2.29375,2,1,2,1,2,1,2,1
2.29583,2,1,2,1,2,1,2,1
2.29792,2,1,2,1,2,1,23,10
2.3,2,1,2,1,2,1,23,10
2.30208,2,1,7,3,7,3,23,10
2.30417,2,1,7,3,7,3,7,3
2.30625,2,1,7,3,7,3,7,3
2.30833,2,1,7,3,7,3,30,13
2.31042,2,1,7,3,7,3,7,3
2.3125,2,1,7,3,7,3,37,16
2.31458,2,1,7,3,7,3,7,3
2.31667,2,1,7,3,7,3,7,3
2.31875,2,1,7,3,7,3,7,3
2.32083,2,1,7,3,7,3,7,3
2.32292,2,1,7,3,7,3,7,3
2.325,2,1,7,3,7,3,7,3
2.32708,2,1,7,3,7,3,7,3
2.32917,2,1,7,3,7,3,7,3
2.33125,2,1,7,3,7,3,7,3
2.33333,2,1,7,3,7,3,7,3
2.33542,2,1,7,3,7,3,7,3
2.3375,2,1,7,3,7,3,7,3
2.33958,2,1,7,3,7,3,7,3
2.34167,2,1,7,3,7,3,7,3
2.34375,2,1,7,3,7,3,7,3
2.34583,2,1,7,3,7,3,7,3
2.34792,2,1,7,3,7,3,7,3
2.35,2,1,7,3,7,3,7,3
2.35208,2,1,7,3,7,3,7,3
2.35417,2,1,7,3,7,3,7,3
2.35625,2,1,7,3,7,3,33,14
2.35833,2,1,7,3,7,3,7,3
2.36042,2,1,7,3,7,3,7,3
2.3625,2,1,7,3,7,3,26,11
2.36458,2,1,7,3,7,3,26,11
2.36667,2,1,7,3,7,3,7,3
2.36875,2,1,7,3,7,3,7,3
2.37083,2,1,7,3,19,8,19,8
2.37292,2,1,7,3,19,8,19,8
2.375,2,1,2,1,19,8,19,8
2.37708,2,1,2,1,19,8,19,8
2.37917,2,1,2,1,19,8,19,8
2.38125,2,1,2,1,2,1,2,1
2.38333,2,1,2,1,2,1,31,13
2.38542,2,1,2,1,12,5,31,13
2.3875,2,1,2,1,12,5,12,5
2.38958,2,1,2,1,12,5,12,5
2.39167,2,1,2,1,12,5,12,5
2.39375,2,1,2,1,12,5,12,5
2.39583,2,1,2,1,12,5,12,5
2.39792,2,1,2,1,12,5,12,5
2.4,5,2,5,2,12,5,12,5
2.40208,5,2,5,2,12,5,12,5
2.40417,5,2,5,2,12,5,12,5
2.40625,5,2,5,2,12,5,12,5
2.40833,5,2,5,2,12,5,12,5
2.41042,5,2,5,2,12,5,12,5
2.4125,5,2,5,2,12,5,12,5
2.41458,5,2,5,2,5,2,29,12
2.41667,5,2,5,2,5,2,29,12
2.41875,5,2,5,2,5,2,29,12
2.42083,5,2,5,2,5,2,5,2
2.42292,5,2,5,2,17,7,17,7
2.425,5,2,5,2,17,7,17,7
2.42708,5,2,5,2,17,7,17,7
2.42917,5,2,5,2,17,7,17,7
2.43125,5,2,5,2,17,7,17,7
2.43333,5,2,5,2,17,7,17,7
2.43542,5,2,5,2,5,2,5,2
2.4375,5,2,5,2,5,2,39,16
2.43958,5,2,5,2,5,2,5,2
2.44167,5,2,5,2,5,2,22,9
2.44375,5,2,5,2,5,2,22,9
2.44583,5,2,5,2,5,2,22,9
2.44792,5,2,5,2,5,2,5,2
2.45,5,2,5,2,5,2,5,2
2.45208,5,2,5,2,5,2,5,2
2.45417,5,2,5,2,5,2,27,11
2.45625,5,2,5,2,5,2,5,2
2.45833,5,2,5,2,5,2,5,2
2.46042,5,2,5,2,5,2,5,2
2.4625,5,2,5,2,5,2,5,2
2.46458,5,2,5,2,5,2,5,2
2.46667,5,2,5,2,5,2,37,15
2.46875,5,2,5,2,5,2,5,2
2.47083,5,2,5,2,5,2,5,2
2.47292,5,2,5,2,5,2,5,2
2.475,5,2,5,2,5,2,5,2
2.47708,5,2,5,2,5,2,5,2
2.47917,5,2,5,2,5,2,5,2
2.48125,5,2,5,2,5,2,5,2
2.48333,5,2,5,2,5,2,5,2
2.48542,5,2,5,2,5,2,5,2
2.4875,5,2,5,2,5,2,5,2
2.48958,5,2,5,2,5,2,5,2
2.49167,5,2,5,2,5,2,5,2
2.49375,5,2,5,2,5,2,5,2
2.49583,5,2,5,2,5,2,5,2
2.49792,5,2,5,2,5,2,5,2
2.5,5,2,5,2,5,2,5,2
2.50208,5,2,5,2,5,2,5,2
2.50417,5,2,5,2,5,2,5,2
2.50625,5,2,5,2,5,2,5,2
2.50833,5,2,5,2,5,2,5,2
2.51042,5,2,5,2,5,2,5,2
2.5125,5,2,5,2,5,2,5,2
2.51458,5,2,5,2,5,2,5,2
2.51667,5,2,5,2,5,2,5,2
2.51875,5,2,5,2,5,2,5,2
2.52083,5,2,5,2,5,2,5,2
2.52292,5,2,5,2,5,2,5,2
2.525,5,2,5,2,5,2,5,2
2.52708,5,2,5,2,5,2,5,2
2.52917,5,2,5,2,5,2,5,2
2.53125,5,2,5,2,5,2,5,2
2.53333,5,2,5,2,5,2,38,15
2.53542,5,2,5,2,5,2,5,2
2.5375,5,2,5,2,5,2,5,2
2.53958,5,2,5,2,5,2,5,2
2.54167,5,2,5,2,5,2,5,2
2.54375,5,2,5,2,5,2,5,2
2.54583,5,2,5,2,5,2,28,11
2.54792,5,2,5,2,5,2,5,2
2.55,5,2,5,2,5,2,5,2
2.55208,5,2,5,2,5,2,5,2
2.55417,5,2,5,2,5,2,23,9
2.55625,5,2,5,2,5,2,23,9
2.55833,5,2,5,2,5,2,23,9
2.56042,5,2,5,2,5,2,5,2
2.5625,5,2,5,2,5,2,41,16
2.56458,5,2,5,2,5,2,5,2
2.56667,5,2,5,2,18,7,18,7
2.56875,5,2,5,2,18,7,18,7
2.57083,5,2,5,2,18,7,18,7
2.57292,5,2,5,2,18,7,18,7
2.575,5,2,5,2,18,7,18,7
2.57708,5,2,5,2,18,7,18,7
2.57917,5,2,5,2,5,2,5,2
2.58125,5,2,5,2,5,2,31,12
2.58333,5,2,5,2,5,2,31,12
2.58542,5,2,5,2,5,2,31,12
2.5875,5,2,5,2,13,5,13,5
2.58958,5,2,5,2,13,5,13,5
2.59167,5,2,5,2,13,5,13,5
2.59375,5,2,5,2,13,5,13,5
2.59583,5,2,5,2,13,5,13,5
2.59792,5,2,5,2,13,5,13,5
2.6,3,1,3,1,13,5,13,5
2.60208,3,1,3,1,13,5,13,5
2.60417,3,1,3,1,13,5,13,5
2.60625,3,1,3,1,13,5,13,5
2.60833,3,1,3,1,13,5,13,5
2.61042,3,1,3,1,13,5,13,5
2.6125,3,1,3,1,13,5,13,5
2.61458,3,1,3,1,13,5,34,13
2.61667,3,1,3,1,3,1,34,13
2.61875,3,1,3,1,3,1,3,1
2.62083,3,1,3,1,21,8,21,8
2.62292,3,1,3,1,21,8,21,8
2.625,3,1,3,1,21,8,21,8
2.62708,3,1,8,3,21,8,21,8
2.62917,3,1,8,3,21,8,21,8
2.63125,3,1,8,3,8,3,8,3
2.63333,3,1,8,3,8,3,8,3
2.63542,3,1,8,3,8,3,29,11
2.6375,3,1,8,3,8,3,29,11
2.63958,3,1,8,3,8,3,8,3
2.64167,3,1,8,3,8,3,8,3
2.64375,3,1,8,3,8,3,37,14
2.64583,3,1,8,3,8,3,8,3
2.64792,3,1,8,3,8,3,8,3
2.65,3,1,8,3,8,3,8,3
2.65208,3,1,8,3,8,3,8,3
2.65417,3,1,8,3,8,3,8,3
2.65625,3,1,8,3,8,3,8,3
2.65833,3,1,8,3,8,3,8,3
2.66042,3,1,8,3,8,3,8,3
2.6625,3,1,8,3,8,3,8,3
2.66458,3,1,8,3,8,3,8,3
2.66667,3,1,8,3,8,3,8,3
2.66875,3,1,8,3,8,3,8,3
2.67083,3,1,8,3,8,3,8,3
2.67292,3,1,8,3,8,3,8,3
2.675,3,1,8,3,8,3,8,3
2.67708,3,1,8,3,8,3,8,3
2.67917,3,1,8,3,8,3,8,3
2.68125,3,1,8,3,8,3,8,3
2.68333,3,1,8,3,8,3,8,3
2.68542,3,1,8,3,8,3,8,3
2.6875,3,1,8,3,8,3,43,16
2.68958,3,1,8,3,8,3,8,3
2.69167,3,1,8,3,8,3,35,13
2.69375,3,1,8,3,8,3,8,3
2.69583,3,1,8,3,8,3,8,3
2.69792,3,1,8,3,8,3,27,10
2.7,3,1,3,1,3,1,27,10
2.70208,3,1,3,1,3,1,27,10
2.70417,3,1,3,1,3,1,3,1
2.70625,3,1,3,1,3,1,3,1
2.70833,3,1,3,1,19,7,19,7
2.71042,3,1,3,1,19,7,19,7
2.7125,3,1,3,1,19,7,19,7
2.71458,3,1,3,1,19,7,19,7
2.71667,3,1,3,1,19,7,19,7
2.71875,3,1,3,1,19,7,19,7
2.72083,3,1,3,1,3,1,3,1
2.72292,3,1,3,1,3,1,3,1
2.725,3,1,3,1,3,1,3,1
2.72708,3,1,3,1,3,1,30,11
2.72917,3,1,3,1,3,1,30,11
2.73125,3,1,3,1,3,1,3,1
2.73333,3,1,11,4,11,4,41,15
2.73542,3,1,11,4,11,4,11,4
2.7375,3,1,11,4,11,4,11,4
2.73958,3,1,11,4,11,4,11,4
2.74167,3,1,11,4,11,4,11,4
2.74375,3,1,11,4,11,4,11,4
2.74583,3,1,11,4,11,4,11,4
2.74792,3,1,11,4,11,4,11,4
2.75,3,1,11,4,11,4,11,4
2.75208,3,1,11,4,11,4,11,4
2.75417,3,1,11,4,11,4,11,4
2.75625,3,1,11,4,11,4,11,4
2.75833,3,1,11,4,11,4,11,4
2.76042,3,1,11,4,11,4,11,4
2.7625,3,1,11,4,11,4,11,4
2.76458,3,1,11,4,11,4,11,4
2.76667,3,1,3,1,3,1,3,1
2.76875,3,1,3,1,3,1,36,13
2.77083,3,1,3,1,3,1,3,1
2.77292,3,1,3,1,3,1,3,1
2.775,3,1,3,1,3,1,3,1
2.77708,3,1,3,1,3,1,25,9
2.77917,3,1,3,1,3,1,25,9
2.78125,3,1,3,1,3,1,3,1
2.78333,3,1,3,1,3,1,3,1
2.78542,3,1,3,1,3,1,39,14
2.7875,3,1,3,1,3,1,3,1
2.78958,3,1,3,1,3,1,3,1
2.79167,3,1,3,1,14,5,14,5
2.79375,3,1,3,1,14,5,14,5
2.79583,3,1,3,1,14,5,14,5
2.79792,3,1,3,1,14,5,14,5
2.8,3,1,3,1,14,5,14,5
2.80208,3,1,3,1,14,5,14,5
2.80417,3,1,3,1,14,5,14,5
2.80625,3,1,3,1,14,5,14,5
2.80833,3,1,3,1,3,1,3,1
2.81042,3,1,3,1,3,1,3,1
2.8125,3,1,3,1,3,1,45,16
2.81458,3,1,3,1,3,1,3,1
2.81667,3,1,3,1,3,1,3,1
2.81875,3,1,3,1,3,1,31,11
2.82083,3,1,3,1,3,1,3,1
2.82292,3,1,3,1,3,1,3,1
2.825,3,1,3,1,3,1,3,1
2.82708,3,1,3,1,3,1,3,1
2.82917,3,1,3,1,17,6,17,6
2.83125,3,1,3,1,17,6,17,6
2.83333,3,1,3,1,17,6,17,6
2.83542,3,1,3,1,17,6,17,6
2.8375,3,1,3,1,17,6,17,6
2.83958,3,1,3,1,3,1,3,1
2.84167,3,1,3,1,3,1,3,1
2.84375,3,1,3,1,3,1,3,1
2.84583,3,1,3,1,3,1,37,13
2.84792,3,1,3,1,3,1,3,1
2.85,3,1,3,1,3,1,3,1
2.85208,3,1,3,1,3,1,3,1
2.85417,3,1,3,1,20,7,20,7
2.85625,3,1,3,1,20,7,20,7
2.85833,3,1,3,1,20,7,20,7
2.86042,3,1,3,1,3,1,3,1
2.8625,3,1,3,1,3,1,3,1
2.86458,3,1,3,1,3,1,3,1
2.86667,3,1,3,1,3,1,43,15
2.86875,3,1,3,1,3,1,3,1
2.87083,3,1,3,1,3,1,3,1
2.87292,3,1,3,1,3,1,3,1
2.875,3,1,3,1,23,8,23,8
2.87708,3,1,3,1,3,1,3,1
2.87917,3,1,3,1,3,1,3,1
2.88125,3,1,3,1,3,1,3,1
2.88333,3,1,3,1,3,1,3,1
2.88542,3,1,3,1,3,1,3,1
2.8875,3,1,3,1,3,1,26,9
2.88958,3,1,3,1,3,1,26,9
2.89167,3,1,3,1,3,1,3,1
2.89375,3,1,3,1,3,1,3,1
2.89583,3,1,3,1,3,1,3,1
2.89792,3,1,3,1,3,1,3,1
2.9,3,1,3,1,3,1,29,10
2.90208,3,1,3,1,3,1,3,1
2.90417,3,1,3,1,3,1,3,1
2.90625,3,1,3,1,3,1,3,1
2.90833,3,1,3,1,3,1,32,11
2.91042,3,1,3,1,3,1,3,1
2.9125,3,1,3,1,3,1,3,1
2.91458,3,1,3,1,3,1,3,1
2.91667,3,1,3,1,3,1,35,12
2.91875,3,1,3,1,3,1,3,1
2.92083,3,1,3,1,3,1,3,1
2.92292,3,1,3,1,3,1,38,13
2.925,3,1,3,1,3,1,3,1
2.92708,3,1,3,1,3,1,3,1
2.92917,3,1,3,1,3,1,3,1
2.93125,3,1,3,1,3,1,3,1
2.93333,3,1,3,1,3,1,44,15
2.93542,3,1,3,1,3,1,3,1
2.9375,3,1,3,1,3,1,47,16
2.93958,3,1,3,1,3,1,3,1
2.94167,3,1,3,1,3,1,3,1
2.94375,3,1,3,1,3,1,3,1
2.94583,3,1,3,1,3,1,3,1
2.94792,3,1,3,1,3,1,3,1
2.95,3,1,3,1,3,1,3,1
2.95208,3,1,3,1,3,1,3,1
2.95417,3,1,3,1,3,1,3,1
2.95625,3,1,3,1,3,1,3,1
2.95833,3,1,3,1,3,1,3,1
2.96042,3,1,3,1,3,1,3,1
2.9625,3,1,3,1,3,1,3,1
2.96458,3,1,3,1,3,1,3,1
2.96667,3,1,3,1,3,1,3,1
2.96875,3,1,3,1,3,1,3,1
2.97083,3,1,3,1,3,1,3,1
2.97292,3,1,3,1,3,1,3,1
2.975,3,1,3,1,3,1,3,1
2.97708,3,1,3,1,3,1,3,1
2.97917,3,1,3,1,3,1,3,1
2.98125,3,1,3,1,3,1,3,1
2.98333,3,1,3,1,3,1,3,1
2.98542,3,1,3,1,3,1,3,1
2.9875,3,1,3,1,3,1,3,1
2.98958,3,1,3,1,3,1,3,1
2.99167,3,1,3,1,3,1,3,1
2.99375,3,1,3,1,3,1,3,1
2.99583,3,1,3,1,3,1,3,1
2.99792,3,1,3,1,3,1,3,1
3,3,1,3,1,3,1,3,1
3.00208,3,1,3,1,3,1,3,1
3.00417,3,1,3,1,3,1,3,1
3.00625,3,1,3,1,3,1,3,1
3.00833,3,1,3,1,3,1,3,1
3.01042,3,1,3,1,3,1,3,1
3.0125,3,1,3,1,3,1,3,1
3.01458,3,1,3,1,3,1,3,1
3.01667,3,1,3,1,3,1,3,1
3.01875,3,1,3,1,3,1,3,1
3.02083,3,1,3,1,3,1,3,1
3.02292,3,1,3,1,3,1,3,1
3.025,3,1,3,1,3,1,3,1
3.02708,3,1,3,1,3,1,3,1
3.02917,3,1,3,1,3,1,3,1
3.03125,3,1,3,1,3,1,3,1
3.03333,3,1,3,1,3,1,3,1
3.03542,3,1,3,1,3,1,3,1
3.0375,3,1,3,1,3,1,3,1
3.03958,3,1,3,1,3,1,3,1
3.04167,3,1,3,1,3,1,3,1
3.04375,3,1,3,1,3,1,3,1
3.04583,3,1,3,1,3,1,3,1
3.04792,3,1,3,1,3,1,3,1
3.05,3,1,3,1,3,1,3,1
3.05208,3,1,3,1,3,1,3,1
3.05417,3,1,3,1,3,1,3,1
3.05625,3,1,3,1,3,1,3,1
3.05833,3,1,3,1,3,1,3,1
3.06042,3,1,3,1,3,1,3,1
3.0625,3,1,3,1,3,1,49,16
3.06458,3,1,3,1,3,1,3,1
3.06667,3,1,3,1,3,1,46,15
3.06875,3,1,3,1,3,1,3,1
3.07083,3,1,3,1,3,1,3,1
3.07292,3,1,3,1,3,1,3,1
3.075,3,1,3,1,3,1,3,1
3.07708,3,1,3,1,3,1,40,13
3.07917,3,1,3,1,3,1,3,1
3.08125,3,1,3,1,3,1,3,1
3.08333,3,1,3,1,3,1,37,12
3.08542,3,1,3,1,3,1,3,1
3.0875,3,1,3,1,3,1,3,1
3.08958,3,1,3,1,3,1,3,1
3.09167,3,1,3,1,3,1,34,11
3.09375,3,1,3,1,3,1,3,1
3.09583,3,1,3,1,3,1,3,1
3.09792,3,1,3,1,3,1,3,1
3.1,3,1,3,1,3,1,31,10
3.10208,3,1,3,1,3,1,3,1
3.10417,3,1,3,1,3,1,3,1
3.10625,3,1,3,1,3,1,3,1
3.10833,3,1,3,1,3,1,3,1
3.11042,3,1,3,1,3,1,28,9
3.1125,3,1,3,1,3,1,28,9
3.11458,3,1,3,1,3,1,3,1
3.11667,3,1,3,1,3,1,3,1
3.11875,3,1,3,1,3,1,3,1
3.12083,3,1,3,1,3,1,3,1
3.12292,3,1,3,1,3,1,3,1
3.125,3,1,3,1,25,8,25,8
3.12708,3,1,3,1,3,1,3,1
3.12917,3,1,3,1,3,1,3,1
3.13125,3,1,3,1,3,1,3,1
3.13333,3,1,3,1,3,1,47,15
3.13542,3,1,3,1,3,1,3,1
3.1375,3,1,3,1,3,1,3,1
3.13958,3,1,3,1,3,1,3,1
3.14167,3,1,3,1,22,7,22,7
3.14375,3,1,3,1,22,7,22,7
3.14583,3,1,3,1,22,7,22,7
3.14792,3,1,3,1,3,1,3,1
3.15,3,1,3,1,3,1,3,1
3.15208,3,1,3,1,3,1,3,1
3.15417,3,1,3,1,3,1,41,13
3.15625,3,1,3,1,3,1,3,1
3.15833,3,1,3,1,3,1,3,1
3.16042,3,1,3,1,3,1,3,1
3.1625,3,1,3,1,19,6,19,6
3.16458,3,1,3,1,19,6,19,6
3.16667,3,1,3,1,19,6,19,6
3.16875,3,1,3,1,19,6,19,6
3.17083,3,1,3,1,19,6,19,6
3.17292,3,1,3,1,3,1,3,1
3.175,3,1,3,1,3,1,3,1
3.17708,3,1,3,1,3,1,3,1
3.17917,3,1,3,1,3,1,3,1
3.18125,3,1,3,1,3,1,35,11
3.18333,3,1,3,1,3,1,35,11
3.18542,3,1,3,1,3,1,3,1
3.1875,3,1,3,1,3,1,51,16
3.18958,3,1,3,1,3,1,3,1
3.19167,3,1,3,1,3,1,3,1
3.19375,3,1,3,1,16,5,16,5
3.19583,3,1,3,1,16,5,16,5
3.19792,3,1,3,1,16,5,16,5
3.2,3,1,3,1,16,5,16,5
3.20208,3,1,3,1,16,5,16,5
3.20417,3,1,3,1,16,5,16,5
3.20625,3,1,3,1,16,5,16,5
3.20833,3,1,3,1,16,5,16,5
3.21042,3,1,3,1,3,1,3,1
3.2125,3,1,3,1,3,1,3,1
3.21458,3,1,3,1,3,1,45,14
3.21667,3,1,3,1,3,1,3,1
3.21875,3,1,3,1,3,1,3,1
3.22083,3,1,3,1,3,1,29,9
3.22292,3,1,3,1,3,1,29,9
3.225,3,1,3,1,3,1,3,1
3.22708,3,1,3,1,3,1,3,1
3.22917,3,1,3,1,3,1,3,1
3.23125,3,1,3,1,3,1,42,13
3.23333,3,1,3,1,3,1,3,1
3.23542,3,1,13,4,13,4,13,4
3.2375,3,1,13,4,13,4,13,4
3.23958,3,1,13,4,13,4,13,4
3.24167,3,1,13,4,13,4,13,4
3.24375,3,1,13,4,13,4,13,4
3.24583,3,1,13,4,13,4,13,4
3.24792,3,1,13,4,13,4,13,4
3.25,3,1,13,4,13,4,13,4
3.25208,3,1,13,4,13,4,13,4
3.25417,3,1,13,4,13,4,13,4
3.25625,3,1,13,4,13,4,13,4
3.25833,3,1,13,4,13,4,13,4
3.26042,3,1,13,4,13,4,13,4
3.2625,3,1,13,4,13,4,13,4
3.26458,3,1,13,4,13,4,13,4
3.26667,3,1,13,4,13,4,49,15
3.26875,3,1,3,1,3,1,3,1
3.27083,3,1,3,1,3,1,36,11
3.27292,3,1,3,1,3,1,36,11
3.275,3,1,3,1,3,1,36,11
3.27708,3,1,3,1,3,1,3,1
3.27917,3,1,3,1,3,1,3,1
3.28125,3,1,3,1,23,7,23,7
3.28333,3,1,3,1,23,7,23,7
3.28542,3,1,3,1,23,7,23,7
3.2875,3,1,3,1,23,7,23,7
3.28958,3,1,3,1,23,7,23,7
3.29167,3,1,3,1,23,7,23,7
3.29375,3,1,3,1,3,1,3,1
3.29583,3,1,3,1,3,1,3,1
3.29792,3,1,3,1,3,1,33,10
3.3,3,1,10,3,10,3,33,10
3.30208,3,1,10,3,10,3,33,10
3.30417,3,1,10,3,10,3,10,3
3.30625,3,1,10,3,10,3,10,3
3.30833,3,1,10,3,10,3,43,13
3.31042,3,1,10,3,10,3,10,3
3.3125,3,1,10,3,10,3,53,16
3.31458,3,1,10,3,10,3,10,3
3.31667,3,1,10,3,10,3,10,3
3.31875,3,1,10,3,10,3,10,3
3.32083,3,1,10,3,10,3,10,3
3.32292,3,1,10,3,10,3,10,3
3.325,3,1,10,3,10,3,10,3
3.32708,3,1,10,3,10,3,10,3
3.32917,3,1,10,3,10,3,10,3
3.33125,3,1,10,3,10,3,10,3
3.33333,3,1,10,3,10,3,10,3
3.33542,3,1,10,3,10,3,10,3
3.3375,3,1,10,3,10,3,10,3
3.33958,3,1,10,3,10,3,10,3
3.34167,3,1,10,3,10,3,10,3
3.34375,3,1,10,3,10,3,10,3
3.34583,3,1,10,3,10,3,10,3
3.34792,3,1,10,3,10,3,10,3
3.35,3,1,10,3,10,3,10,3
3.35208,3,1,10,3,10,3,10,3
3.35417,3,1,10,3,10,3,10,3
3.35625,3,1,10,3,10,3,47,14
3.35833,3,1,10,3,10,3,10,3
3.36042,3,1,10,3,10,3,10,3
3.3625,3,1,10,3,10,3,37,11
3.36458,3,1,10,3,10,3,37,11
3.36667,3,1,10,3,10,3,10,3
3.36875,3,1,10,3,10,3,10,3
3.37083,3,1,10,3,27,8,27,8
3.37292,3,1,10,3,27,8,27,8
3.375,3,1,3,1,27,8,27,8
3.37708,3,1,3,1,27,8,27,8
3.37917,3,1,3,1,27,8,27,8
3.38125,3,1,3,1,3,1,3,1
3.38333,3,1,3,1,3,1,44,13
3.38542,3,1,3,1,17,5,44,13
3.3875,3,1,3,1,17,5,17,5
3.38958,3,1,3,1,17,5,17,5
3.39167,3,1,3,1,17,5,17,5
3.39375,3,1,3,1,17,5,17,5
3.39583,3,1,3,1,17,5,17,5
3.39792,3,1,3,1,17,5,17,5
3.4,3,1,3,1,17,5,17,5
3.40208,7,2,7,2,17,5,17,5
3.40417,7,2,7,2,17,5,17,5
3.40625,7,2,7,2,17,5,17,5
3.40833,7,2,7,2,17,5,17,5
3.41042,7,2,7,2,17,5,17,5
3.4125,7,2,7,2,17,5,17,5
3.41458,7,2,7,2,7,2,41,12
3.41667,7,2,7,2,7,2,41,12
3.41875,7,2,7,2,7,2,41,12
3.42083,7,2,7,2,7,2,7,2
3.42292,7,2,7,2,24,7,24,7
3.425,7,2,7,2,24,7,24,7
3.42708,7,2,7,2,24,7,24,7
3.42917,7,2,7,2,24,7,24,7
3.43125,7,2,7,2,24,7,24,7
3.43333,7,2,7,2,24,7,24,7
3.43542,7,2,7,2,7,2,7,2
3.4375,7,2,7,2,7,2,55,16
3.43958,7,2,7,2,7,2,7,2
3.44167,7,2,7,2,7,2,31,9
3.44375,7,2,7,2,7,2,31,9
3.44583,7,2,7,2,7,2,31,9
3.44792,7,2,7,2,7,2,7,2
3.45,7,2,7,2,7,2,7,2
3.45208,7,2,7,2,7,2,7,2
3.45417,7,2,7,2,7,2,38,11
3.45625,7,2,7,2,7,2,7,2
3.45833,7,2,7,2,7,2,7,2
3.46042,7,2,7,2,7,2,7,2
3.4625,7,2,7,2,7,2,7,2
3.46458,7,2,7,2,7,2,7,2
3.46667,7,2,7,2,7,2,52,15
3.46875,7,2,7,2,7,2,7,2
3.47083,7,2,7,2,7,2,7,2
3.47292,7,2,7,2,7,2,7,2
3.475,7,2,7,2,7,2,7,2
3.47708,7,2,7,2,7,2,7,2
3.47917,7,2,7,2,7,2,7,2
3.48125,7,2,7,2,7,2,7,2
3.48333,7,2,7,2,7,2,7,2
3.48542,7,2,7,2,7,2,7,2
3.4875,7,2,7,2,7,2,7,2
3.48958,7,2,7,2,7,2,7,2
3.49167,7,2,7,2,7,2,7,2
3.49375,7,2,7,2,7,2,7,2
3.49583,7,2,7,2,7,2,7,2
3.49792,7,2,7,2,7,2,7,2
3.5,7,2,7,2,7,2,7,2
