gap,measured,predicted,ideal
0.0531,0.3961,0.3961,0.3817
0.3871,0.651,0.651,0.6571
0.1025,0.4334,0.4334,0.4311
0.487,0.6571,0.6571,0.6571
0.1639,0.4926,0.4925,0.4925
0.4064,0.6539,0.6539,0.6571
0.01,0.3806,0.3806,0.3386
0.4671,0.657,0.657,0.6571
0.0158,0.3815,0.3815,0.3444
0.1636,0.4922,0.4922,0.4922
0.3529,0.6418,0.6418,0.6571
0.2082,0.5363,0.5363,0.5367
0.1441,0.4729,0.4729,0.4727
0.2584,0.5828,0.5828,0.587
0.1089,0.4391,0.4391,0.4374
0.4386,0.6564,0.6563,0.6571
0.0898,0.4224,0.4224,0.4184
0.0511,0.395,0.395,0.3797
0.4058,0.6539,0.6539,0.6571
0.0619,0.4015,0.4015,0.3905
0.4443,0.6566,0.6566,0.6571
0.3324,0.6333,0.6333,0.6571
0.0348,0.3871,0.3871,0.3634
0.489,0.6571,0.6571,0.6571
0.0202,0.3824,0.3824,0.3488
0.1208,0.4503,0.4503,0.4494
0.3329,0.6336,0.6335,0.6571
0.1369,0.4658,0.4658,0.4655
0.4803,0.6571,0.6571,0.6571
0.4076,0.6541,0.6541,0.6571
0.0404,0.3895,0.3895,0.3689
0.4157,0.6549,0.6549,0.6571
0.0501,0.3944,0.3944,0.3786
0.1911,0.5196,0.5196,0.5197
0.2592,0.5834,0.5835,0.5878
0.213,0.541,0.5409,0.5415
0.4036,0.6536,0.6536,0.6571
0.2942,0.6108,0.6108,0.6228
0.3068,0.6191,0.6191,0.6354
0.1791,0.5076,0.5076,0.5076
0.2595,0.5837,0.5837,0.588
0.1211,0.4506,0.4506,0.4497
0.3504,0.6409,0.6409,0.6571
0.0956,0.4273,0.4273,0.4241
0.4474,0.6567,0.6566,0.6571
0.0056,0.3802,0.3802,0.3342
0.4367,0.6563,0.6563,0.6571
0.0478,0.3931,0.3931,0.3763
0.4655,0.657,0.657,0.6571
0.0465,0.3925,0.3925,0.3751
0.4479,0.6567,0.6567,0.6571
0.0301,0.3853,0.3854,0.3587
0.3581,0.6436,0.6436,0.6571
0.2727,0.5946,0.5947,0.6013
0.1905,0.5189,0.5189,0.5191
0.2647,0.5881,0.5881,0.5933
0.4055,0.6538,0.6538,0.6571
0.0332,0.3864,0.3865,0.3617
0.4477,0.6566,0.6567,0.6571
0.165,0.4935,0.4935,0.4935
0.1539,0.4825,0.4826,0.4825
0.2818,0.6018,0.6018,0.6104
0.1954,0.5238,0.5238,0.524
0.3931,0.6521,0.6521,0.6571
0.1969,0.5252,0.5252,0.5255
0.2901,0.6078,0.6078,0.6186
0.1324,0.4614,0.4614,0.461
0.0264,0.3841,0.3841,0.355
0.3796,0.6495,0.6495,0.6571
0.1214,0.4508,0.4509,0.45
0.4566,0.6569,0.6569,0.6571
0.4161,0.6549,0.6549,0.6571
0.0393,0.389,0.389,0.3678
0.4184,0.6551,0.6551,0.6571
0.1107,0.4408,0.4408,0.4393
0.4846,0.6571,0.6571,0.6571
0.0423,0.3904,0.3904,0.3709
0.4846,0.6571,0.6571,0.6571
0.3755,0.6485,0.6485,0.6571
0.2,0.5283,0.5283,0.5285
0.3077,0.6197,0.6197,0.6362
0.0864,0.4196,0.4196,0.4149
0.4014,0.6533,0.6533,0.6571
0.1215,0.4509,0.4509,0.4501
0.4411,0.6564,0.6564,0.6571
0.3016,0.6158,0.6158,0.6301
0.2791,0.5997,0.5997,0.6077
0.224,0.5515,0.5515,0.5525
0.173,0.5016,0.5016,0.5016
0.3171,0.6253,0.6253,0.6457
0.2015,0.5298,0.5298,0.5301
0.3663,0.6461,0.6461,0.6571
0.2272,0.5546,0.5546,0.5558
0.359,0.6439,0.6439,0.6571
0.1392,0.4681,0.468,0.4678
0.2611,0.5851,0.5851,0.5897
0.2316,0.5587,0.5587,0.5602
0.2823,0.6021,0.6021,0.6109
0.291,0.6085,0.6085,0.6195
0.1525,0.4812,0.4812,0.4811
0.4396,0.6564,0.6564,0.6571
0.0534,0.3963,0.3963,0.382
0.3507,0.641,0.641,0.6571
0.1451,0.4739,0.4738,0.4737
0.3638,0.6454,0.6454,0.6571
0.2153,0.5432,0.5432,0.5438
0.0775,0.4125,0.4125,0.406
0.4792,0.6571,0.6571,0.6571
0.0333,0.3866,0.3865,0.3619
0.4516,0.6567,0.6568,0.6571
0.1213,0.4507,0.4507,0.4499
0.4068,0.654,0.654,0.6571
0.0177,0.3819,0.3819,0.3463
0.1254,0.4546,0.4546,0.454
0.4526,0.6568,0.6568,0.6571
0.0618,0.4014,0.4014,0.3903
0.1579,0.4864,0.4865,0.4864
0.3738,0.6481,0.6481,0.6571
0.1901,0.5186,0.5185,0.5187
0.1867,0.5152,0.5152,0.5153
0.1768,0.5054,0.5054,0.5054
0.379,0.6494,0.6494,0.6571
0.1648,0.4933,0.4933,0.4933
0.1209,0.4504,0.4504,0.4495
0.3877,0.6512,0.6511,0.6571
0.014,0.3811,0.3812,0.3425
0.1492,0.4779,0.4779,0.4778
0.2322,0.5592,0.5592,0.5607
0.2996,0.6145,0.6144,0.6281
0.1721,0.5007,0.5006,0.5006
0.3845,0.6505,0.6505,0.6571
0.1631,0.4916,0.4917,0.4916
0.2056,0.5338,0.5338,0.5342
0.109,0.4392,0.4393,0.4376
0.2918,0.6091,0.6091,0.6204
0.2134,0.5414,0.5414,0.542
0.1203,0.4497,0.4498,0.4488
0.3672,0.6464,0.6464,0.6571
0.0479,0.3932,0.3932,0.3764
0.4073,0.654,0.654,0.6571
0.0658,0.4041,0.4041,0.3943
0.3563,0.643,0.643,0.6571
0.1198,0.4493,0.4493,0.4484
0.396,0.6525,0.6525,0.6571
0.134,0.4629,0.4629,0.4625
0.2454,0.5713,0.5714,0.574
0.3773,0.649,0.649,0.6571
0.0191,0.3822,0.3822,0.3477
0.4262,0.6557,0.6557,0.6571
0.1193,0.4488,0.4488,0.4479
0.345,0.6388,0.6388,0.6571
0.0843,0.4179,0.4179,0.4129
0.43,0.6559,0.6559,0.6571
0.3452,0.6389,0.6389,0.6571
0.0313,0.3858,0.3858,0.3599
0.4978,0.6571,0.6571,0.6571
0.4083,0.6542,0.6542,0.6571
0.1026,0.4335,0.4334,0.4311
0.288,0.6064,0.6064,0.6166
0.3726,0.6478,0.6478,0.6571
0.3105,0.6214,0.6214,0.6391
0.0859,0.4192,0.4192,0.4145
0.4149,0.6548,0.6548,0.6571
0.321,0.6275,0.6275,0.6496
0.1236,0.4529,0.4529,0.4521
0.4777,0.6571,0.6571,0.6571
0.3947,0.6523,0.6523,0.6571
0.2731,0.595,0.5949,0.6017
0.1453,0.4741,0.4741,0.4739
0.4216,0.6554,0.6554,0.6571
0.0686,0.406,0.406,0.3972
0.3338,0.634,0.634,0.6571
0.3463,0.6393,0.6394,0.6571
0.4186,0.6552,0.6551,0.6571
0.2325,0.5595,0.5596,0.5611
0.2101,0.5383,0.5382,0.5387
0.295,0.6113,0.6113,0.6235
0.166,0.4945,0.4945,0.4945
0.4712,0.657,0.657,0.6571
0.1545,0.4831,0.4831,0.4831
0.4443,0.6566,0.6566,0.6571
0.1885,0.5169,0.5169,0.517
0.2811,0.6012,0.6012,0.6096
0.0317,0.386,0.3859,0.3603
0.3831,0.6502,0.6502,0.6571
0.291,0.6086,0.6086,0.6196
0.1688,0.4974,0.4974,0.4974
0.4722,0.6571,0.6571,0.6571
0.1404,0.4692,0.4692,0.469
0.2666,0.5897,0.5896,0.5951
0.2119,0.5399,0.5399,0.5405
0.4164,0.655,0.655,0.6571
0.1249,0.4541,0.4541,0.4535
0.1843,0.5128,0.5128,0.5128
0.4975,0.6571,0.6571,0.6571
0.0878,0.4208,0.4207,0.4164
0.0085,0.3804,0.3804,0.3371
0.4364,0.6563,0.6563,0.6571
0.232,0.5591,0.5591,0.5606
0.0596,0.4,0.4,0.3881
0.201,0.5293,0.5293,0.5295
0.4646,0.657,0.657,0.6571
0.03,0.3853,0.3853,0.3586
0.1108,0.4409,0.4409,0.4393
0.4735,0.6571,0.6571,0.6571
0.153,0.4817,0.4817,0.4816
0.1297,0.4587,0.4587,0.4582
0.1207,0.4501,0.4501,0.4493
0.4435,0.6565,0.6565,0.6571
0.1348,0.4637,0.4637,0.4634
0.2134,0.5413,0.5413,0.5419
0.3836,0.6504,0.6503,0.6571
0.0745,0.4103,0.4103,0.4031
0.199,0.5273,0.5273,0.5275
0.041,0.3898,0.3898,0.3696
0.3518,0.6414,0.6414,0.6571
0.2399,0.5664,0.5664,0.5685
0.3162,0.6248,0.6248,0.6448
0.294,0.6107,0.6107,0.6226
0.0033,0.3801,0.3801,0.3319
0.2674,0.5904,0.5904,0.596
0.038,0.3885,0.3884,0.3666
0.2604,0.5845,0.5845,0.589
0.3453,0.6389,0.639,0.6571
0.4191,0.6552,0.6552,0.6571
0.2049,0.533,0.5331,0.5334
0.0805,0.4148,0.4148,0.409
0.3349,0.6345,0.6345,0.6571
0.1162,0.4459,0.4459,0.4448
0.1696,0.4981,0.4981,0.4981
0.4507,0.6568,0.6567,0.6571
0.478,0.6571,0.6571,0.6571
0.1163,0.446,0.446,0.4448
0.1567,0.4854,0.4854,0.4853
0.4014,0.6533,0.6533,0.6571
0.1935,0.5219,0.5219,0.522
0.0794,0.414,0.414,0.4079
0.444,0.6565,0.6565,0.6571
0.4837,0.6571,0.6571,0.6571
0.1329,0.4619,0.4619,0.4615
0.1531,0.4818,0.4818,0.4817
0.3704,0.6473,0.6473,0.6571
0.3413,0.6373,0.6373,0.6571
0.105,0.4356,0.4356,0.4335
0.2106,0.5387,0.5387,0.5392
0.4412,0.6565,0.6564,0.6571
0.1512,0.4798,0.4799,0.4798
0.1491,0.4778,0.4778,0.4777
0.3747,0.6483,0.6484,0.6571
0.4741,0.6571,0.6571,0.6571
0.2704,0.5928,0.5928,0.599
0.0013,0.38,0.38,0.3298
0.3712,0.6475,0.6475,0.6571
0.301,0.6154,0.6154,0.6296
0.0499,0.3942,0.3943,0.3784
0.3084,0.6201,0.6201,0.637
0.497,0.6571,0.6571,0.6571
0.4821,0.6571,0.6571,0.6571
0.2711,0.5933,0.5933,0.5996
0.0138,0.3811,0.3811,0.3424
0.4072,0.654,0.654,0.6571
0.0707,0.4075,0.4075,0.3992
0.2295,0.5567,0.5567,0.558
0.451,0.6567,0.6567,0.6571
0.3455,0.639,0.639,0.6571
0.4906,0.6571,0.6571,0.6571
0.2717,0.5938,0.5938,0.6003
0.0278,0.3846,0.3846,0.3564
0.2194,0.5472,0.5472,0.548
0.1341,0.463,0.463,0.4627
0.3894,0.6514,0.6514,0.6571
0.4217,0.6554,0.6554,0.6571
0.3321,0.6332,0.6332,0.6571
0.4997,0.6571,0.6571,0.6571
0.2722,0.5943,0.5943,0.6008
0.0435,0.391,0.391,0.3721
0.1076,0.438,0.438,0.4362
0.2267,0.5541,0.5541,0.5553
0.4665,0.657,0.657,0.6571
0.3569,0.6432,0.6432,0.6571
0.2708,0.5931,0.5931,0.5994
0.4272,0.6558,0.6558,0.6571
0.3604,0.6444,0.6444,0.6571
0.0636,0.4026,0.4026,0.3922
0.0031,0.3801,0.3801,0.3316
0.3178,0.6257,0.6257,0.6463
0.4581,0.6569,0.6569,0.6571
0.2938,0.6105,0.6105,0.6224
0.2113,0.5394,0.5394,0.5399
0.3559,0.6429,0.6429,0.6571
0.4467,0.6566,0.6566,0.6571
0.1692,0.4977,0.4978,0.4978
0.0127,0.381,0.381,0.3413
0.3203,0.6271,0.6271,0.6488
0.4466,0.6566,0.6566,0.6571
0.2782,0.599,0.599,0.6068
0.1175,0.4471,0.4471,0.446
0.2379,0.5645,0.5645,0.5664
0.4014,0.6533,0.6533,0.6571
0.3696,0.6471,0.6471,0.6571
0.0383,0.3886,0.3886,0.3668
0.3228,0.6284,0.6285,0.6514
0.4343,0.6562,0.6562,0.6571
0.2617,0.5855,0.5855,0.5902
0.1352,0.4641,0.4641,0.4638
0.1348,0.4637,0.4637,0.4633
0.2695,0.592,0.592,0.598
0.457,0.6569,0.6569,0.6571
0.2728,0.5947,0.5947,0.6014
0.2165,0.5444,0.5444,0.5451
0.4952,0.6571,0.6571,0.6571
0.2964,0.6123,0.6123,0.625
0.1544,0.483,0.483,0.483
0.015,0.3813,0.3813,0.3436
0.1146,0.4444,0.4444,0.4432
0.251,0.5763,0.5763,0.5796
0.444,0.6565,0.6565,0.6571
0.2722,0.5942,0.5942,0.6008
0.3279,0.6311,0.6311,0.6565
0.4067,0.654,0.654,0.6571
0.225,0.5525,0.5525,0.5536
0.0959,0.4275,0.4275,0.4244
0.033,0.3864,0.3864,0.3615
0.0566,0.3982,0.3982,0.3852
0.1798,0.5083,0.5083,0.5084
0.355,0.6426,0.6426,0.6571
0.3854,0.6507,0.6507,0.6571
0.4366,0.6563,0.6563,0.6571
0.321,0.6275,0.6275,0.6496
0.1563,0.4849,0.4849,0.4848
0.0397,0.3892,0.3892,0.3683
0.0786,0.4134,0.4134,0.4072
0.0013,0.38,0.38,0.3299
0.1115,0.4416,0.4415,0.4401
0.2691,0.5918,0.5917,0.5977
0.4956,0.6571,0.6571,0.6571
0.4454,0.6565,0.6566,0.6571
0.3018,0.6159,0.6159,0.6304
0.1339,0.4628,0.4628,0.4624
0.0172,0.3818,0.3818,0.3458
0.0669,0.4049,0.4049,0.3955
0.0773,0.4124,0.4124,0.4059
0.01,0.3806,0.3806,0.3386
0.1339,0.4628,0.4628,0.4624
0.3171,0.6253,0.6253,0.6457
0.3972,0.6527,0.6527,0.6571
0.356,0.643,0.6429,0.6571
0.1594,0.4881,0.488,0.488
0.0277,0.3845,0.3845,0.3562
0.0646,0.4033,0.4033,0.3932
0.1626,0.4912,0.4912,0.4912
0.101,0.432,0.432,0.4295
0.0154,0.3814,0.3814,0.3439
0.1083,0.4386,0.4386,0.4368
0.2955,0.6117,0.6117,0.6241
0.4648,0.657,0.657,0.6571
0.2582,0.5826,0.5826,0.5868
0.0841,0.4178,0.4178,0.4127
0.0318,0.3859,0.3859,0.3604
0.1126,0.4426,0.4426,0.4412
0.2007,0.529,0.529,0.5293
0.1476,0.4763,0.4763,0.4762
0.0735,0.4096,0.4096,0.4021
0.0339,0.3868,0.3868,0.3625
0.1978,0.5262,0.5262,0.5264
0.4096,0.6543,0.6543,0.6571
0.1651,0.4936,0.4936,0.4936
0.0129,0.381,0.381,0.3415
0.0877,0.4207,0.4207,0.4163
0.1576,0.4863,0.4863,0.4862
0.2362,0.5629,0.5629,0.5647
0.191,0.5194,0.5194,0.5196
0.1279,0.457,0.457,0.4565
0.0359,0.3876,0.3876,0.3645
0.1053,0.4359,0.4359,0.4339
0.3374,0.6356,0.6356,0.6571
0.136,0.4649,0.4649,0.4646
0.0166,0.3816,0.3816,0.3452
0.115,0.4448,0.4448,0.4435
0.182,0.5105,0.5105,0.5105
0.2296,0.5568,0.5568,0.5582
0.2451,0.571,0.571,0.5736
0.198,0.5264,0.5264,0.5266
0.1303,0.4594,0.4594,0.4589
0.0277,0.3845,0.3845,0.3563
0.1383,0.4671,0.4671,0.4669
0.1757,0.5043,0.5043,0.5043
0.0055,0.3802,0.3802,0.3341
0.1162,0.4459,0.4459,0.4447
0.1885,0.5169,0.5169,0.517
0.2383,0.5649,0.5649,0.5669
0.2987,0.6138,0.6138,0.6272
0.2678,0.5907,0.5907,0.5964
0.2245,0.552,0.552,0.5531
0.1609,0.4895,0.4895,0.4895
0.062,0.4015,0.4016,0.3906
0.1038,0.4346,0.4346,0.4324
0.1422,0.4709,0.4709,0.4707
0.0403,0.3895,0.3895,0.3689
0.1474,0.4761,0.4761,0.476
0.2156,0.5435,0.5435,0.5442
0.2616,0.5855,0.5855,0.5902
0.2942,0.6108,0.6108,0.6227
0.3101,0.6212,0.6212,0.6386
0.2793,0.5998,0.5998,0.6079
0.2348,0.5617,0.5617,0.5634
0.1667,0.4952,0.4952,0.4952
0.0547,0.397,0.397,0.3833
0.1488,0.4776,0.4775,0.4774
0.0291,0.385,0.385,0.3577
0.1518,0.4805,0.4805,0.4804
0.2254,0.5529,0.5529,0.554
0.2731,0.5949,0.5949,0.6016
0.3056,0.6184,0.6184,0.6342
0.3494,0.6406,0.6406,0.6571
0.3305,0.6324,0.6324,0.6571
0.3037,0.6172,0.6172,0.6323
0.2642,0.5877,0.5877,0.5928
0.2021,0.5304,0.5304,0.5307
0.0961,0.4278,0.4278,0.4247
0.0627,0.4021,0.402,0.3913
0.1185,0.448,0.448,0.447
0.2147,0.5426,0.5426,0.5433
0.272,0.5941,0.5941,0.6006
0.3089,0.6204,0.6204,0.6375
0.3341,0.6341,0.6341,0.6571
0.3703,0.6472,0.6472,0.6571
0.3562,0.643,0.643,0.6571
0.3364,0.6352,0.6352,0.6571
0.3071,0.6193,0.6193,0.6356
0.2608,0.5848,0.5848,0.5893
0.1811,0.5096,0.5096,0.5096
0.025,0.3836,0.3837,0.3536
0.1623,0.4909,0.4909,0.4908
0.2505,0.5758,0.5759,0.579
0.3008,0.6153,0.6153,0.6294
0.3323,0.6333,0.6333,0.6571
0.3534,0.642,0.642,0.6571
0.3682,0.6467,0.6467,0.6571
0.3818,0.65,0.65,0.6571
0.3695,0.647,0.647,0.6571
0.3516,0.6414,0.6414,0.6571
0.3239,0.629,0.629,0.6525
0.2775,0.5984,0.5984,0.606
0.19,0.5184,0.5184,0.5186
0.1133,0.4432,0.4432,0.4419
0.2413,0.5677,0.5677,0.5699
0.3039,0.6173,0.6173,0.6325
0.3394,0.6365,0.6365,0.6571
0.3615,0.6447,0.6447,0.6571
0.3762,0.6487,0.6487,0.6571
0.3866,0.6509,0.6509,0.6571
0.3986,0.6529,0.6529,0.6571
0.3907,0.6517,0.6517,0.6571
0.3791,0.6494,0.6494,0.6571
0.3612,0.6446,0.6446,0.6571
0.3311,0.6327,0.6327,0.6571
0.2738,0.5955,0.5955,0.6024
0.2229,0.5504,0.5505,0.5515
0.3075,0.6196,0.6196,0.6361
0.3483,0.6401,0.6401,0.6571
0.3712,0.6475,0.6475,0.6571
0.3855,0.6507,0.6507,0.6571
0.395,0.6524,0.6524,0.6571
0.4016,0.6533,0.6533,0.6571
0.4117,0.6545,0.6545,0.6571
0.4072,0.654,0.654,0.6571
0.4007,0.6532,0.6532,0.6571
0.3905,0.6516,0.6516,0.6571
0.3734,0.648,0.648,0.6571
0.3406,0.637,0.637,0.6571
0.3111,0.6217,0.6218,0.6397
0.3599,0.6442,0.6442,0.6571
0.3832,0.6502,0.6502,0.6571
0.3962,0.6526,0.6526,0.6571
0.4043,0.6537,0.6537,0.6571
0.4096,0.6543,0.6543,0.6571
0.4134,0.6547,0.6547,0.6571
0.4211,0.6553,0.6553,0.6571
0.4191,0.6552,0.6552,0.6571
0.4161,0.6549,0.6549,0.6571
0.4116,0.6545,0.6545,0.6571
0.4039,0.6536,0.6536,0.6571
0.3891,0.6514,0.6514,0.6571
0.3758,0.6486,0.6486,0.6571
0.3979,0.6528,0.6528,0.6571
0.4083,0.6542,0.6542,0.6571
0.4141,0.6548,0.6548,0.6571
0.4177,0.6551,0.6551,0.6571
0.4201,0.6553,0.6553,0.6571
0.4218,0.6554,0.6554,0.6571
0.4267,0.6557,0.6557,0.6571
0.4262,0.6557,0.6557,0.6571
0.4255,0.6557,0.6557,0.6571
0.4243,0.6556,0.6556,0.6571
0.4224,0.6554,0.6554,0.6571
0.4187,0.6552,0.6552,0.6571
0.4153,0.6549,0.6549,0.6571
0.4209,0.6553,0.6553,0.6571
0.4235,0.6555,0.6555,0.6571
0.425,0.6556,0.6556,0.6571
0.4259,0.6557,0.6557,0.6571
0.4265,0.6557,0.6557,0.6571
0.4269,0.6557,0.6557,0.6571
0.4286,0.6558,0.6558,0.6571
0.4286,0.6558,0.6558,0.6571
0.4286,0.6558,0.6558,0.6571
0.4286,0.6558,0.6558,0.6571
0.4286,0.6558,0.6558,0.6571
0.4286,0.6558,0.6558,0.6571
0.4286,0.6558,0.6558,0.6571
0.4286,0.6558,0.6558,0.6571
0.4286,0.6558,0.6558,0.6571
0.4286,0.6558,0.6558,0.6571
0.4286,0.6558,0.6558,0.6571
0.4286,0.6558,0.6558,0.6571
0.4286,0.6558,0.6558,0.6571
0.4267,0.6557,0.6557,0.6571
0.4262,0.6557,0.6557,0.6571
0.4255,0.6557,0.6557,0.6571
0.4243,0.6556,0.6556,0.6571
0.4224,0.6554,0.6554,0.6571
0.4187,0.6552,0.6552,0.6571
0.4153,0.6549,0.6549,0.6571
0.4209,0.6553,0.6553,0.6571
0.4235,0.6555,0.6555,0.6571
0.425,0.6556,0.6556,0.6571
0.4259,0.6557,0.6557,0.6571
0.4265,0.6557,0.6557,0.6571
0.4269,0.6557,0.6557,0.6571
0.4211,0.6553,0.6553,0.6571
0.4191,0.6552,0.6552,0.6571
0.4161,0.6549,0.6549,0.6571
0.4116,0.6545,0.6545,0.6571
0.4039,0.6536,0.6536,0.6571
0.3891,0.6514,0.6514,0.6571
0.3758,0.6486,0.6486,0.6571
0.3979,0.6528,0.6528,0.6571
0.4083,0.6542,0.6542,0.6571
0.4141,0.6548,0.6548,0.6571
0.4177,0.6551,0.6551,0.6571
0.4201,0.6553,0.6553,0.6571
0.4218,0.6554,0.6554,0.6571
0.4117,0.6545,0.6545,0.6571
0.4072,0.654,0.654,0.6571
0.4007,0.6532,0.6532,0.6571
0.3905,0.6516,0.6516,0.6571
0.3734,0.648,0.648,0.6571
0.3406,0.637,0.637,0.6571
0.3111,0.6217,0.6218,0.6397
0.3599,0.6442,0.6442,0.6571
0.3832,0.6502,0.6502,0.6571
0.3962,0.6526,0.6526,0.6571
0.4043,0.6537,0.6537,0.6571
0.4096,0.6543,0.6543,0.6571
0.4134,0.6547,0.6547,0.6571
0.3986,0.6529,0.6529,0.6571
0.3907,0.6517,0.6517,0.6571
0.3791,0.6494,0.6494,0.6571
0.3612,0.6446,0.6446,0.6571
0.3311,0.6327,0.6327,0.6571
0.2738,0.5955,0.5955,0.6024
0.2229,0.5504,0.5505,0.5515
0.3075,0.6196,0.6196,0.6361
0.3483,0.6401,0.6401,0.6571
0.3712,0.6475,0.6475,0.6571
0.3855,0.6507,0.6507,0.6571
0.395,0.6524,0.6524,0.6571
0.4016,0.6533,0.6533,0.6571
0.3818,0.65,0.65,0.6571
0.3695,0.647,0.647,0.6571
0.3516,0.6414,0.6414,0.6571
0.3239,0.629,0.629,0.6525
0.2775,0.5984,0.5984,0.606
0.19,0.5184,0.5184,0.5186
0.1133,0.4432,0.4432,0.4419
0.2413,0.5677,0.5677,0.5699
0.3039,0.6173,0.6173,0.6325
0.3394,0.6365,0.6365,0.6571
0.3615,0.6447,0.6447,0.6571
0.3762,0.6487,0.6487,0.6571
0.3866,0.6509,0.6509,0.6571
0.3614,0.6447,0.6447,0.6571
0.3439,0.6384,0.6384,0.6571
0.3183,0.626,0.626,0.6468
0.2788,0.5994,0.5994,0.6074
0.2131,0.5411,0.5411,0.5417
0.0906,0.423,0.4231,0.4192
0.1175,0.4471,0.4471,0.446
0.2268,0.5541,0.5542,0.5553
0.2867,0.6054,0.6054,0.6153
0.3233,0.6287,0.6287,0.6519
0.3472,0.6397,0.6397,0.6571
0.3638,0.6454,0.6454,0.6571
0.3438,0.6383,0.6383,0.6571
0.3226,0.6283,0.6283,0.6512
0.2923,0.6095,0.6095,0.6209
0.2467,0.5725,0.5725,0.5753
0.1733,0.5019,0.5019,0.5019
0.0435,0.391,0.391,0.3721
0.0123,0.3809,0.3809,0.3409
0.1568,0.4854,0.4854,0.4854
0.2369,0.5636,0.5636,0.5655
0.286,0.6049,0.6049,0.6146
0.3183,0.626,0.626,0.6469
0.3407,0.6371,0.6371,0.6571
0.3182,0.6259,0.6259,0.6468
0.2908,0.6084,0.6084,0.6194
0.2516,0.5769,0.5769,0.5802
0.1929,0.5213,0.5213,0.5215
0.0989,0.4302,0.4302,0.4275
0.0656,0.404,0.4039,0.3941
0.0306,0.3855,0.3855,0.3591
0.1182,0.4478,0.4477,0.4467
0.2046,0.5328,0.5328,0.5332
0.2592,0.5835,0.5835,0.5878
0.296,0.612,0.612,0.6246
0.322,0.628,0.628,0.6505
0.2792,0.5998,0.5998,0.6078
0.2407,0.5671,0.5671,0.5693
0.1851,0.5135,0.5135,0.5136
0.1003,0.4314,0.4315,0.4289
0.0379,0.3884,0.3884,0.3664
0.2323,0.5593,0.5593,0.5609
0.0094,0.3805,0.3805,0.338
0.1173,0.4469,0.4469,0.4458
0.1959,0.5243,0.5243,0.5245
0.2481,0.5738,0.5738,0.5767
0.2845,0.6038,0.6038,0.613
0.2576,0.5821,0.5821,0.5861
0.2155,0.5434,0.5434,0.5441
0.1559,0.4845,0.4845,0.4844
0.0671,0.405,0.405,0.3957
0.0731,0.4093,0.4093,0.4017
0.2624,0.5863,0.5862,0.591
0.0446,0.3916,0.3915,0.3732
0.0847,0.4182,0.4182,0.4132
0.1674,0.496,0.496,0.496
0.2236,0.5511,0.5511,0.5521
0.2634,0.587,0.587,0.5919
0.2077,0.5358,0.5358,0.5363
0.1515,0.4801,0.4801,0.48
0.0708,0.4076,0.4076,0.3993
0.0508,0.3948,0.3948,0.3794
0.2458,0.5717,0.5717,0.5744
0.206,0.5341,0.5341,0.5345
0.0266,0.3842,0.3842,0.3552
0.0865,0.4197,0.4197,0.4151
0.1622,0.4908,0.4908,0.4908
0.2154,0.5433,0.5433,0.5439
0.1848,0.5133,0.5133,0.5134
0.1257,0.4549,0.4549,0.4543
0.0423,0.3904,0.3904,0.3708
0.0807,0.415,0.415,0.4092
0.2719,0.594,0.594,0.6005
0.3138,0.6234,0.6234,0.6424
0.1067,0.4371,0.4371,0.4353
0.0251,0.3837,0.3837,0.3536
0.1138,0.4437,0.4437,0.4423
0.1762,0.5048,0.5048,0.5048
0.1441,0.4729,0.4729,0.4727
0.0756,0.4111,0.4111,0.4042
0.0207,0.3825,0.3825,0.3493
0.1618,0.4904,0.4904,0.4904
0.3797,0.6495,0.6495,0.6571
0.4272,0.6557,0.6558,0.6571
0.1916,0.5201,0.52,0.5202
0.0405,0.3895,0.3895,0.369
0.0619,0.4015,0.4015,0.3904
0.1342,0.4631,0.4631,0.4627
0.1007,0.4318,0.4318,0.4293
0.0223,0.383,0.383,0.3509
0.0874,0.4204,0.4204,0.416
0.2474,0.5731,0.5731,0.5759
0.4922,0.6571,0.6571,0.6571
0.4432,0.6566,0.6565,0.6571
0.216,0.5439,0.5439,0.5446
0.0663,0.4044,0.4044,0.3948
0.0372,0.3881,0.3881,0.3658
0.1115,0.4416,0.4416,0.4401
0.0281,0.3847,0.3847,0.3567
0.0705,0.4074,0.4074,0.3991
0.2098,0.5379,0.5379,0.5384
0.4146,0.6548,0.6548,0.6571
0.3326,0.6333,0.6334,0.6571
0.3744,0.6483,0.6483,0.6571
0.1829,0.5114,0.5114,0.5115
0.0518,0.3953,0.3953,0.3803
0.0417,0.3901,0.3901,0.3703
0.006,0.3802,0.3802,0.3346
0.0932,0.4253,0.4253,0.4218
0.2312,0.5583,0.5583,0.5597
0.4299,0.6559,0.6559,0.6571
0.2711,0.5933,0.5933,0.5997
0.4714,0.657,0.657,0.6571
0.2593,0.5835,0.5835,0.5879
0.1131,0.443,0.443,0.4417
0.0085,0.3804,0.3804,0.337
0.045,0.3917,0.3917,0.3736
0.1552,0.4838,0.4838,0.4838
0.3077,0.6197,0.6197,0.6363
0.4738,0.657,0.6571,0.6571
0.148,0.4766,0.4767,0.4766
0.4284,0.6558,0.6558,0.6571
0.3387,0.6362,0.6362,0.6571
0.1772,0.5058,0.5057,0.5058
0.0611,0.401,0.401,0.3897
0.0983,0.4297,0.4297,0.4269
0.2198,0.5475,0.5475,0.5483
0.3871,0.651,0.651,0.6571
0.3746,0.6484,0.6483,0.6571
0.0918,0.424,0.4241,0.4204
0.4208,0.6553,0.6553,0.6571
0.3551,0.6426,0.6426,0.6571
0.1968,0.5252,0.5252,0.5254
0.0813,0.4155,0.4155,0.4099
0.1937,0.5221,0.5221,0.5223
0.341,0.6372,0.6372,0.6571
0.4551,0.6568,0.6568,0.6571
0.1633,0.4919,0.4919,0.4919
0.2199,0.5476,0.5476,0.5485
0.4941,0.6571,0.6571,0.6571
0.3131,0.623,0.623,0.6417
0.1733,0.5018,0.5018,0.5018
0.2113,0.5394,0.5394,0.5399
0.3559,0.6429,0.6429,0.6571
0.4467,0.6566,0.6566,0.6571
0.1692,0.4977,0.4978,0.4978
0.0127,0.381,0.381,0.3413
0.3203,0.6271,0.6271,0.6488
0.4466,0.6566,0.6566,0.6571
0.2782,0.599,0.599,0.6068
0.2279,0.5552,0.5552,0.5565
0.3698,0.6471,0.6471,0.6571
0.4389,0.6564,0.6564,0.6571
0.1743,0.5028,0.5028,0.5028
0.1298,0.4589,0.4588,0.4583
0.2249,0.5524,0.5524,0.5535
0.4751,0.6571,0.6571,0.6571
0.3433,0.6381,0.6381,0.6571
0.2859,0.6048,0.6048,0.6144
0.4387,0.6563,0.6564,0.6571
0.3561,0.643,0.643,0.6571
0.0739,0.4099,0.4099,0.4025
0.248,0.5736,0.5737,0.5766
0.1278,0.4569,0.4569,0.4563
0.3949,0.6523,0.6524,0.6571
0.4102,0.6544,0.6544,0.6571
0.3455,0.639,0.639,0.6571
0.4906,0.6571,0.6571,0.6571
0.2717,0.5938,0.5938,0.6003
0.0278,0.3846,0.3846,0.3564
0.2194,0.5472,0.5472,0.548
0.1341,0.463,0.463,0.4627
0.3894,0.6514,0.6514,0.6571
0.4217,0.6554,0.6554,0.6571
0.4598,0.6569,0.6569,0.6571
0.3483,0.6401,0.6401,0.6571
0.0912,0.4235,0.4236,0.4198
0.2612,0.5851,0.5851,0.5897
0.1941,0.5226,0.5225,0.5227
0.1397,0.4685,0.4685,0.4682
0.3842,0.6505,0.6505,0.6571
0.4326,0.6561,0.6561,0.6571
0.4124,0.6546,0.6546,0.6571
0.1886,0.5171,0.5171,0.5172
0.1118,0.4418,0.4418,0.4403
0.4763,0.6571,0.6571,0.6571
0.1715,0.5001,0.5001,0.5001
0.1447,0.4734,0.4734,0.4732
0.3793,0.6494,0.6494,0.6571
0.4666,0.657,0.657,0.6571
0.2697,0.5922,0.5922,0.5982
0.01,0.3806,0.3806,0.3386
0.339,0.6363,0.6363,0.6571
0.4084,0.6542,0.6542,0.6571
0.0411,0.3898,0.3898,0.3696
0.2313,0.5584,0.5585,0.5599
0.4373,0.6563,0.6563,0.6571
0.2689,0.5916,0.5916,0.5975
0.0202,0.3824,0.3824,0.3488
0.3101,0.6212,0.6212,0.6387
0.3275,0.6308,0.6309,0.6561
0.2481,0.5738,0.5738,0.5767
0.0666,0.4047,0.4046,0.3952
0.3042,0.6175,0.6175,0.6328
0.2682,0.591,0.591,0.5968
0.0295,0.3851,0.3851,0.3581
0.2841,0.6034,0.6034,0.6126
0.2969,0.6126,0.6127,0.6255
0.3456,0.6391,0.6391,0.6571
0.0168,0.3817,0.3817,0.3454
0.2326,0.5597,0.5597,0.5612
0.1973,0.5257,0.5257,0.5259
0.0527,0.3958,0.3958,0.3812
0.3796,0.6495,0.6495,0.6571
0.1863,0.5148,0.5148,0.5149
0.4435,0.6565,0.6565,0.6571
0.1011,0.4321,0.4321,0.4297
0.16,0.4886,0.4886,0.4886
0.1256,0.4548,0.4548,0.4541
0.1356,0.4645,0.4645,0.4641
0.4754,0.6571,0.6571,0.6571
0.0761,0.4115,0.4115,0.4046
0.4583,0.6569,0.6569,0.6571
0.1861,0.5145,0.5145,0.5146
0.0865,0.4197,0.4197,0.4151
0.053,0.396,0.396,0.3815
0.2191,0.5468,0.5469,0.5477
0.4285,0.6558,0.6558,0.6571
0.0337,0.3866,0.3867,0.3623
0.3601,0.6442,0.6443,0.6571
0.2716,0.5938,0.5937,0.6001
0.0122,0.3809,0.3809,0.3408
0.0204,0.3825,0.3825,0.3489
0.3031,0.6168,0.6168,0.6317
0.3324,0.6333,0.6333,0.6571
0.1429,0.4717,0.4717,0.4715
0.2618,0.5857,0.5857,0.5904
0.3575,0.6434,0.6434,0.6571
0.0628,0.4021,0.4021,0.3914
0.0943,0.4262,0.4262,0.4229
0.3875,0.6511,0.6511,0.6571
0.2363,0.5631,0.5631,0.5649
0.1609,0.4894,0.4895,0.4895
0.3059,0.6186,0.6185,0.6344
0.3335,0.6338,0.6338,0.6571
0.052,0.3954,0.3954,0.3805
0.262,0.5859,0.5859,0.5906
0.4092,0.6543,0.6543,0.6571
0.012,0.3809,0.3809,0.3406
0.0932,0.4253,0.4253,0.4218
0.3462,0.6393,0.6393,0.6571
0.3115,0.622,0.622,0.64
0.1545,0.4831,0.4831,0.4831
0.4443,0.6566,0.6566,0.6571
0.1885,0.5169,0.5169,0.517
0.2811,0.6012,0.6012,0.6096
0.0317,0.386,0.3859,0.3603
0.3831,0.6502,0.6502,0.6571
0.291,0.6086,0.6086,0.6196
0.3191,0.6265,0.6264,0.6477
0.358,0.6436,0.6436,0.6571
0.0505,0.3946,0.3946,0.3791
0.4754,0.6571,0.6571,0.6571
0.0246,0.3836,0.3836,0.3531
0.4172,0.655,0.655,0.6571
0.2721,0.5942,0.5942,0.6007
0.4972,0.6571,0.6571,0.6571
0.1443,0.4731,0.4731,0.4729
0.3083,0.62,0.62,0.6368
0.3947,0.6524,0.6523,0.6571
0.0761,0.4115,0.4115,0.4047
0.4486,0.6567,0.6567,0.6571
0.3726,0.6478,0.6478,0.6571
0.3105,0.6214,0.6214,0.6391
0.0859,0.4192,0.4192,0.4145
0.4149,0.6548,0.6548,0.6571
0.321,0.6275,0.6275,0.6496
0.1236,0.4529,0.4529,0.4521
0.4777,0.6571,0.6571,0.6571
0.4534,0.6568,0.6568,0.6571
0.1036,0.4343,0.4343,0.4321
0.3333,0.6337,0.6337,0.6571
0.2189,0.5467,0.5467,0.5475
0.2534,0.5785,0.5785,0.582
0.1673,0.4959,0.4959,0.4959
0.4953,0.6571,0.6571,0.6571
0.2664,0.5895,0.5895,0.5949
0.1186,0.4482,0.4482,0.4472
0.402,0.6534,0.6534,0.6571
0.3113,0.6218,0.6219,0.6398
0.1913,0.5197,0.5197,0.5199
0.2078,0.536,0.536,0.5364
0.4073,0.654,0.654,0.6571
0.0658,0.4041,0.4041,0.3943
0.3563,0.643,0.643,0.6571
0.1198,0.4493,0.4493,0.4484
0.396,0.6525,0.6525,0.6571
0.134,0.4629,0.4629,0.4625
0.2454,0.5713,0.5714,0.574
0.2252,0.5527,0.5527,0.5538
0.1488,0.4775,0.4775,0.4774
0.3901,0.6515,0.6516,0.6571
0.0762,0.4116,0.4116,0.4048
0.4739,0.6571,0.6571,0.6571
0.0809,0.4153,0.4152,0.4095
0.2804,0.6007,0.6007,0.6089
0.0306,0.3855,0.3855,0.3592
0.3776,0.649,0.649,0.6571
0.1206,0.4501,0.4501,0.4492
0.0264,0.3841,0.3841,0.355
0.4542,0.6568,0.6568,0.6571
0.0318,0.3859,0.3859,0.3603
0.1867,0.5152,0.5152,0.5153
0.1768,0.5054,0.5054,0.5054
0.379,0.6494,0.6494,0.6571
0.1648,0.4933,0.4933,0.4933
0.1209,0.4504,0.4504,0.4495
0.3877,0.6512,0.6511,0.6571
0.014,0.3811,0.3812,0.3425
0.0021,0.38,0.38,0.3307
0.3974,0.6527,0.6527,0.6571
0.1211,0.4506,0.4506,0.4497
0.3598,0.6442,0.6442,0.6571
0.2082,0.5363,0.5363,0.5367
0.326,0.6301,0.6301,0.6546
0.0566,0.3981,0.3981,0.3851
0.2029,0.5312,0.5311,0.5315
0.3687,0.6468,0.6468,0.6571
0.1513,0.48,0.48,0.4799
0.2482,0.5739,0.5739,0.5768
0.2889,0.607,0.607,0.6175
0.2687,0.5914,0.5914,0.5973
0.0327,0.3863,0.3863,0.3613
0.4158,0.6549,0.6549,0.6571
0.1214,0.4508,0.4508,0.45
0.4381,0.6563,0.6563,0.6571
0.3374,0.6356,0.6356,0.6571
0.2048,0.533,0.533,0.5334
0.3468,0.6396,0.6396,0.6571
0.1054,0.436,0.436,0.434
0.4944,0.6571,0.6571,0.6571
0.0373,0.3881,0.3881,0.3658
0.4734,0.6571,0.6571,0.6571
0.4253,0.6557,0.6556,0.6571
0.1215,0.4509,0.4509,0.4501
0.4245,0.6556,0.6556,0.6571
0.1779,0.5064,0.5064,0.5064
0.4275,0.6558,0.6558,0.6571
0.046,0.3922,0.3922,0.3746
0.3862,0.6508,0.6508,0.6571
0.4881,0.6571,0.6571,0.6571
0.039,0.3889,0.3889,0.3676
0.4983,0.6571,0.6571,0.6571
0.25,0.5754,0.5754,0.5785
0.35,0.6408,0.6408,0.6571
0.1283,0.4574,0.4574,0.4569
0.3003,0.6149,0.6149,0.6288
0.4026,0.6535,0.6535,0.6571
0.0425,0.3905,0.3905,0.3711
0.4217,0.6554,0.6554,0.6571
0.3217,0.6278,0.6279,0.6503
0.2731,0.595,0.595,0.6017
0.2097,0.5378,0.5377,0.5382
0.2157,0.5436,0.5436,0.5443
0.1099,0.4401,0.4401,0.4385
0.2987,0.6138,0.6138,0.6272
0.1984,0.5268,0.5267,0.527
0.3844,0.6505,0.6505,0.6571
0.3415,0.6374,0.6374,0.6571
0.1184,0.448,0.448,0.4469
0.3359,0.6349,0.6349,0.6571
0.1946,0.523,0.523,0.5232
0.4334,0.6561,0.6561,0.6571
0.0361,0.3876,0.3876,0.3647
0.4107,0.6544,0.6544,0.6571
0.4055,0.6538,0.6538,0.6571
0.0332,0.3864,0.3865,0.3617
0.4477,0.6566,0.6567,0.6571
0.165,0.4935,0.4935,0.4935
0.1539,0.4825,0.4826,0.4825
0.2818,0.6018,0.6018,0.6104
0.1954,0.5238,0.5238,0.524
0.4655,0.657,0.657,0.6571
0.0465,0.3925,0.3925,0.3751
0.4479,0.6567,0.6567,0.6571
0.0301,0.3853,0.3854,0.3587
0.3581,0.6436,0.6436,0.6571
0.2727,0.5946,0.5947,0.6013
0.1905,0.5189,0.5189,0.5191
0.2647,0.5881,0.5881,0.5933
0.262,0.5858,0.5859,0.5906
0.1847,0.5132,0.5132,0.5132
0.2901,0.6079,0.6079,0.6187
0.3254,0.6298,0.6298,0.654
0.2161,0.5439,0.5439,0.5446
0.3836,0.6504,0.6503,0.6571
0.1051,0.4357,0.4357,0.4337
0.3297,0.632,0.632,0.6571
0.0489,0.3938,0.3938,0.3775
0.426,0.6557,0.6557,0.6571
0.0179,0.3819,0.3819,0.3464
0.3694,0.647,0.647,0.6571
0.0835,0.4173,0.4173,0.4121
0.4873,0.6571,0.6571,0.6571
0.025,0.3837,0.3837,0.3536
0.2569,0.5815,0.5815,0.5855
0.1737,0.5022,0.5022,0.5023
0.3228,0.6285,0.6284,0.6514
0.2643,0.5878,0.5878,0.5929
0.1754,0.5039,0.5039,0.5039
0.1602,0.4888,0.4888,0.4888
0.4122,0.6546,0.6546,0.6571
0.0971,0.4287,0.4287,0.4257
0.1884,0.5169,0.5169,0.517
0.2456,0.5715,0.5715,0.5742
0.2484,0.574,0.574,0.5769
0.3398,0.6366,0.6367,0.6571
0.1006,0.4316,0.4316,0.4291
0.2356,0.5624,0.5624,0.5642
0.3381,0.636,0.6359,0.6571
0.1685,0.4971,0.4971,0.4971
0.1205,0.45,0.45,0.4491
0.3167,0.6251,0.6251,0.6453
0.175,0.5035,0.5035,0.5035
0.414,0.6548,0.6547,0.6571
0.0924,0.4246,0.4246,0.421
0.4793,0.6571,0.6571,0.6571
0.0826,0.4166,0.4166,0.4112
0.3963,0.6526,0.6526,0.6571
0.0522,0.3955,0.3955,0.3807
0.233,0.56,0.56,0.5616
0.281,0.6012,0.6011,0.6096
0.2812,0.6013,0.6012,0.6097
0.0718,0.4083,0.4083,0.4004
0.1859,0.5144,0.5144,0.5145
0.1818,0.5103,0.5103,0.5104
0.3671,0.6463,0.6463,0.6571
0.1588,0.4874,0.4874,0.4874